Nome,Tipo,Categoria,Cidade,Bairro,Endereço,Telefone,WhatsApp,E-mail,Site,Instagram,Facebook,LinkedIn,Google Maps,Nota no Google,Quantidade de avaliações,Status,Score comercial,Classificação comercial,Observações comerciais
Colégio Moura Aguiar,Escola,Colégio,Guarulhos,Torres Tibagy,"Alameda Yayá, 871, Torres Tibagy, Guarulhos, SP",+55 11 95579 2277,+55 11 95579 2277,colegiomouraaguiar@gmail.com,,,,,https://www.google.com/maps/search/?api=1&query=Col%C3%A9gio+Moura+Aguiar+Alameda+Yay%C3%A1%2C+871%2C+Torres+Tibagy%2C+Guarulhos%2C+SP,,,sem informação,93,Prioridade Alta,sem site encontrado na fonte publica; telefone localizado; e-mail localizado; possivel WhatsApp; redes sociais nao localizadas; operador: private; nota/avaliacoes Google nao coletadas nesta fonte
Colégio Franciscano Sébio,Escola,Colégio,Mogi das Cruzes,Alto do Ipiranga,"Rua Francisco Vaz Coelho, 616, Alto do Ipiranga, Mogi das Cruzes, SP",+55 11 4794 0702,,secretaria@colegioseibo.com.br,https://colegioseibo.com.br/,,,,https://www.google.com/maps/search/?api=1&query=Col%C3%A9gio+Franciscano+S%C3%A9bio+Rua+Francisco+Vaz+Coelho%2C+616%2C+Alto+do+Ipiranga%2C+Mogi+das+Cruzes%2C+SP,,,sem informação,84,Prioridade Alta,tem site; telefone localizado; e-mail localizado; redes sociais nao localizadas; operador: private; nota/avaliacoes Google nao coletadas nesta fonte
Hospital Municipal de Mogi das Cruzes Prefeito Waldemar Costa Filho,Saúde,Hospital,Mogi das Cruzes,Brás Cubas,"Rua Guttermann, 577, Brás Cubas, Mogi das Cruzes, SP",+55 11 4791 7780,,sau@hmmcprosaude.org.br,http://www.hospital.pmmc.com.br/,,,,https://www.google.com/maps/search/?api=1&query=Hospital+Municipal+de+Mogi+das+Cruzes+Prefeito+Waldemar+Costa+Filho+Rua+Guttermann%2C+577%2C+Br%C3%A1s+Cubas%2C+Mogi+das+Cruzes%2C+SP,,,sem informação,76,Prioridade Alta,tem site; telefone localizado; e-mail localizado; redes sociais nao localizadas; nota/avaliacoes Google nao coletadas nesta fonte
Hospital de Clínicas Luzia de Pinho Melo,Saúde,Hospital,Mogi das Cruzes,Rodeio,"Rua Manuel de Oliveira, Rodeio, Mogi das Cruzes, SP",+55 11 3583 2903,,sau@hclpm.spdm.org.br,https://spdm.org.br/onde-estamos/hospitais-e-pronto-socorros/hospital-de-clinicas-luzia-de-pinho-melo-mogi-das-cruzes,,,,https://www.google.com/maps/search/?api=1&query=Hospital+de+Cl%C3%ADnicas+Luzia+de+Pinho+Melo+Rua+Manuel+de+Oliveira%2C+Rodeio%2C+Mogi+das+Cruzes%2C+SP,,,sem informação,76,Prioridade Alta,tem site; telefone localizado; e-mail localizado; redes sociais nao localizadas; operador: government; nota/avaliacoes Google nao coletadas nesta fonte
Hospital e Maternidade São Luiz Guarulhos,Saúde,Maternidade,Guarulhos,Maia,"Avenida Tiradentes, 1803, Maia, Guarulhos, SP",+55 11 3543 1010,,,https://www.rededorsaoluiz.com.br/maternidade/unidades/sao-luiz-guarulhos,rededor_oficial,rededor,,https://www.google.com/maps/search/?api=1&query=Hospital+e+Maternidade+S%C3%A3o+Luiz+Guarulhos+Avenida+Tiradentes%2C+1803%2C+Maia%2C+Guarulhos%2C+SP,,,sem informação,76,Prioridade Alta,tem site; telefone localizado; nota/avaliacoes Google nao coletadas nesta fonte
Colégio Sion - Arujá,Escola,Colégio,Arujá,Caputera,"Estrada dos Limoeiros, 951, Caputera, Arujá, SP",+55 11 4652 1585,,colegiosion@colegiosionaruja.org.br,https://www.colegiosionaruja.org.br/,,,,https://www.google.com/maps/search/?api=1&query=Col%C3%A9gio+Sion+-+Aruj%C3%A1+Estrada+dos+Limoeiros%2C+951%2C+Caputera%2C+Aruj%C3%A1%2C+SP,,,sem informação,76,Prioridade Alta,tem site; telefone localizado; e-mail localizado; redes sociais nao localizadas; nota/avaliacoes Google nao coletadas nesta fonte
Maternidade Municipal Dalila Ferreira Barbosa,Saúde,Maternidade,Arujá,Chácara São José,"Rua Diomar Fernandes Negretti, 400, Chácara São José, Arujá, SP",+55 11 4655 2931,,saude.depto@aruja.sp.gov.br,http://governoeletronico.aruja.sp.gov.br/saude/ubs/maternidademunicipal.php,,,,https://www.google.com/maps/search/?api=1&query=Maternidade+Municipal+Dalila+Ferreira+Barbosa+Rua+Diomar+Fernandes+Negretti%2C+400%2C+Ch%C3%A1cara+S%C3%A3o+Jos%C3%A9%2C+Aruj%C3%A1%2C+SP,,,sem informação,76,Prioridade Alta,tem site; telefone localizado; e-mail localizado; redes sociais nao localizadas; operador: government; nota/avaliacoes Google nao coletadas nesta fonte
Colégio Millenium Construtivo,Escola,Colégio,Mogi das Cruzes,Centro Cívico,"Avenida Antônio de Almeida, 170, Centro Cívico, Mogi das Cruzes, SP",+55 11 4699 2030,,contato@colegioconstrutivo.com.br,https://www.colegioconstrutivo.com.br/,,,,https://www.google.com/maps/search/?api=1&query=Col%C3%A9gio+Millenium+Construtivo+Avenida+Ant%C3%B4nio+de+Almeida%2C+170%2C+Centro+C%C3%ADvico%2C+Mogi+das+Cruzes%2C+SP,,,sem informação,76,Prioridade Alta,tem site; telefone localizado; e-mail localizado; redes sociais nao localizadas; nota/avaliacoes Google nao coletadas nesta fonte
Colégio Genêsis,Escola,Colégio,Mogi das Cruzes,Vila Industrial,"Avenida José Benedito Braga, 25, Vila Industrial, Mogi das Cruzes, SP",+55 11 47911679,,contato@colegiogenesismogi.com.br,https://www.colegiogenesismogi.com.br/?pagina=inicio,,,,https://www.google.com/maps/search/?api=1&query=Col%C3%A9gio+Gen%C3%AAsis+Avenida+Jos%C3%A9+Benedito+Braga%2C+25%2C+Vila+Industrial%2C+Mogi+das+Cruzes%2C+SP,,,sem informação,76,Prioridade Alta,tem site; telefone localizado; e-mail localizado; redes sociais nao localizadas; nota/avaliacoes Google nao coletadas nesta fonte
Faculdade de Filosofia e Teologia Paulo VI,Escola,Faculdade / Ensino Superior,Mogi das Cruzes,Shangai,"Avenida Francisco Rodrigues Filho, 248, Shangai, Mogi das Cruzes, SP",+55 11 4790 5660,,secretaria@faculdadepaulovi.com.br,http://www.faculdadepaulovi.com.br/,,,,https://www.google.com/maps/search/?api=1&query=Faculdade+de+Filosofia+e+Teologia+Paulo+VI+Avenida+Francisco+Rodrigues+Filho%2C+248%2C+Shangai%2C+Mogi+das+Cruzes%2C+SP,,,sem informação,76,Prioridade Alta,tem site; telefone localizado; e-mail localizado; redes sociais nao localizadas; nota/avaliacoes Google nao coletadas nesta fonte
Colégio Júlio Mesquita,Escola,Colégio,Guarulhos,Itapegica,"Avenida Rotary, 304, Itapegica, Guarulhos, SP",+55 11 2421 9088,,atendimento@colegiojm.com.br,https://www.colegiojm.com.br/,,,,https://www.google.com/maps/search/?api=1&query=Col%C3%A9gio+J%C3%BAlio+Mesquita+Avenida+Rotary%2C+304%2C+Itapegica%2C+Guarulhos%2C+SP,,,sem informação,76,Prioridade Alta,tem site; telefone localizado; e-mail localizado; redes sociais nao localizadas; nota/avaliacoes Google nao coletadas nesta fonte
Colégio Gardhon Bandeiras,Escola,Colégio,Guarulhos,Vila Galvão,"Rua Freire de Andrade, 151, Vila Galvão, Guarulhos, SP",+55 11 4962 3321,,secretaria@gardhonbandeiras.com.br,https://gardhonbandeiras.com.br/,,,,https://www.google.com/maps/search/?api=1&query=Col%C3%A9gio+Gardhon+Bandeiras+Rua+Freire+de+Andrade%2C+151%2C+Vila+Galv%C3%A3o%2C+Guarulhos%2C+SP,,,sem informação,76,Prioridade Alta,tem site; telefone localizado; e-mail localizado; redes sociais nao localizadas; nota/avaliacoes Google nao coletadas nesta fonte
Colégio Maha-Dei,Escola,Colégio,Guarulhos,Vila Galvão,"Avenida Doutor Timoteo Penteado, 3150, Vila Galvão, Guarulhos, SP",+55 11 2451 6133,,maha-dei@maha-dei.com.br,https://www.maha-dei.com.br/,,,,https://www.google.com/maps/search/?api=1&query=Col%C3%A9gio+Maha-Dei+Avenida+Doutor+Timoteo+Penteado%2C+3150%2C+Vila+Galv%C3%A3o%2C+Guarulhos%2C+SP,,,sem informação,76,Prioridade Alta,tem site; telefone localizado; e-mail localizado; redes sociais nao localizadas; nota/avaliacoes Google nao coletadas nesta fonte
Colégio Portal Dimensão 3,Escola,Colégio,Guarulhos,Itapegica,"Rua Cavadas, 472, Itapegica, Guarulhos, SP",+55 11 2421 4058,,contato@colegioportalguarulhos.com.br,https://colegioportalguarulhos.com.br/,,,,https://www.google.com/maps/search/?api=1&query=Col%C3%A9gio+Portal+Dimens%C3%A3o+3+Rua+Cavadas%2C+472%2C+Itapegica%2C+Guarulhos%2C+SP,,,sem informação,76,Prioridade Alta,tem site; telefone localizado; e-mail localizado; redes sociais nao localizadas; nota/avaliacoes Google nao coletadas nesta fonte
Colégio Itaquá,Escola,Colégio,Itaquaquecetuba,Vila Zeferina,"Avenida Ítalo Adami, 1386, Vila Zeferina, Itaquaquecetuba, SP",+55 11 4647 0763,,,https://www.colegioitaqua.com.br/,,https://pt-br.facebook.com/colegioitaqua/,,https://www.google.com/maps/search/?api=1&query=Col%C3%A9gio+Itaqu%C3%A1+Avenida+%C3%8Dtalo+Adami%2C+1386%2C+Vila+Zeferina%2C+Itaquaquecetuba%2C+SP,,,sem informação,76,Prioridade Alta,tem site; telefone localizado; nota/avaliacoes Google nao coletadas nesta fonte
Centro Médico São Lucas,Saúde,Hospital,Itaquaquecetuba,Centro,"Rua João Vagnotti, 62, Centro, Itaquaquecetuba, SP",+55 11 4652 4343,,,https://cmsaolucas.com.br/,,https://www.facebook.com/oficialsaolucas,,https://www.google.com/maps/search/?api=1&query=Centro+M%C3%A9dico+S%C3%A3o+Lucas+Rua+Jo%C3%A3o+Vagnotti%2C+62%2C+Centro%2C+Itaquaquecetuba%2C+SP,,,sem informação,76,Prioridade Alta,tem site; telefone localizado; nota/avaliacoes Google nao coletadas nesta fonte
Hospital Regional do Alto Tietê,Saúde,Hospital,Suzano,Vila Amorim,"Rua Doutor Prudente de Moraes, 2200, Vila Amorim, Suzano, SP",+55 11 4744 8230,,comunicacao.has@hcnet.usp.br,,,,,https://www.google.com/maps/search/?api=1&query=Hospital+Regional+do+Alto+Tiet%C3%AA+Rua+Doutor+Prudente+de+Moraes%2C+2200%2C+Vila+Amorim%2C+Suzano%2C+SP,,,sem informação,75,Prioridade Alta,sem site encontrado na fonte publica; telefone localizado; e-mail localizado; redes sociais nao localizadas; nota/avaliacoes Google nao coletadas nesta fonte
Hospital Santa Maria de Suzano,Saúde,Hospital,Suzano,Parque Suzano,"Avenida Armando de Salles Oliveira, Parque Suzano, Suzano, SP",+55 11 4746 5188,,,,,https://www.facebook.com/hospitalstamariasuzano/,,https://www.google.com/maps/search/?api=1&query=Hospital+Santa+Maria+de+Suzano+Avenida+Armando+de+Salles+Oliveira%2C+Parque+Suzano%2C+Suzano%2C+SP,,,sem informação,75,Prioridade Alta,sem site encontrado na fonte publica; telefone localizado; nota/avaliacoes Google nao coletadas nesta fonte
Escola SESI-SP de Mogi das Cruzes,Escola,Escola,Mogi das Cruzes,Vila Oliveira,"Rua Coronel Cardoso de Siqueira, 3050, Vila Oliveira, Mogi das Cruzes, SP",+55 11 4791 3679,,,https://mogidascruzes.sesisp.org.br/,,,,https://www.google.com/maps/search/?api=1&query=Escola+SESI-SP+de+Mogi+das+Cruzes+Rua+Coronel+Cardoso+de+Siqueira%2C+3050%2C+Vila+Oliveira%2C+Mogi+das+Cruzes%2C+SP,,,sem informação,74,Prioridade Alta,tem site; telefone localizado; redes sociais nao localizadas; operador: private_non_profit; nota/avaliacoes Google nao coletadas nesta fonte
Hospital Municipal Manuel de Paiva,Saúde,Hospital,Guarulhos,Água Chata,"Rua São José do Paraíso, 100, Água Chata, Guarulhos, SP",+55 11 2489 6610,,,https://www.spdm.org.br/onde-estamos/hospitais/hospital-municipal-pimentas-bonsucesso-guarulhos,,,,https://www.google.com/maps/search/?api=1&query=Hospital+Municipal+Manuel+de+Paiva+Rua+S%C3%A3o+Jos%C3%A9+do+Para%C3%ADso%2C+100%2C+%C3%81gua+Chata%2C+Guarulhos%2C+SP,,,sem informação,74,Prioridade Alta,tem site; telefone localizado; redes sociais nao localizadas; operador: private_non_profit; nota/avaliacoes Google nao coletadas nesta fonte
Hospital Geral de Itaquaquecetuba,Saúde,Hospital,Itaquaquecetuba,Jardim Nova Itaqua,"Rua Rio Negro, 48, Jardim Nova Itaqua, Itaquaquecetuba, SP",+55 11 4645 4200,,,https://santamarcelina.org/itaquaquecetuba/,,,,https://www.google.com/maps/search/?api=1&query=Hospital+Geral+de+Itaquaquecetuba+Rua+Rio+Negro%2C+48%2C+Jardim+Nova+Itaqua%2C+Itaquaquecetuba%2C+SP,,,sem informação,74,Prioridade Alta,tem site; telefone localizado; redes sociais nao localizadas; operador: private_non_profit; nota/avaliacoes Google nao coletadas nesta fonte
Fisiomed Clínica Médica  e Fisioterapia,Saúde,Clínica,Guarulhos,São João,"Rodovia Vereador Francisco de Almeida, 2430, São João, Guarulhos, SP",+55 11 2467 2801,,fisiomedclin@yahoo.com.br,,,,,https://www.google.com/maps/search/?api=1&query=Fisiomed+Cl%C3%ADnica+M%C3%A9dica++e+Fisioterapia+Rodovia+Vereador+Francisco+de+Almeida%2C+2430%2C+S%C3%A3o+Jo%C3%A3o%2C+Guarulhos%2C+SP,,,sem informação,71,Prioridade Alta,sem site encontrado na fonte publica; telefone localizado; e-mail localizado; redes sociais nao localizadas; nota/avaliacoes Google nao coletadas nesta fonte
Centro de Especialidades Médicas de Guarulhos São João,Saúde,Clínica,Guarulhos,São João,"Rua Taipú, 116, São João, Guarulhos, SP",+55 11 2086 2280,,cemeg.saojoao@gmail.com,,,,,https://www.google.com/maps/search/?api=1&query=Centro+de+Especialidades+M%C3%A9dicas+de+Guarulhos+S%C3%A3o+Jo%C3%A3o+Rua+Taip%C3%BA%2C+116%2C+S%C3%A3o+Jo%C3%A3o%2C+Guarulhos%2C+SP,,,sem informação,71,Prioridade Alta,sem site encontrado na fonte publica; telefone localizado; e-mail localizado; redes sociais nao localizadas; operador: government; nota/avaliacoes Google nao coletadas nesta fonte
Clinica Médica São João,Saúde,Clínica,Guarulhos,São João,"Rua Lagoa de Dentro, São João, Guarulhos, SP",+55 11 2229 2930,,,,,,,https://www.google.com/maps/search/?api=1&query=Clinica+M%C3%A9dica+S%C3%A3o+Jo%C3%A3o+Rua+Lagoa+de+Dentro%2C+S%C3%A3o+Jo%C3%A3o%2C+Guarulhos%2C+SP,,,sem informação,69,Prioridade Média,sem site encontrado na fonte publica; telefone localizado; redes sociais nao localizadas; operador: private; nota/avaliacoes Google nao coletadas nesta fonte
Escola de Governo e Gestão,Escola,Escola,Mogi das Cruzes,Centro Cívico,"Rua Antenor da Cunha Leite, 55, Centro Cívico, Mogi das Cruzes, SP",+55 11 4798 5933,,escoladegovernoegestao@pmmc.com.br,https://www.mogidascruzes.sp.gov.br/unidade-e-equipamento/todos-os-assuntos/escola-de-governo-e-gestao,,,,https://www.google.com/maps/search/?api=1&query=Escola+de+Governo+e+Gest%C3%A3o+Rua+Antenor+da+Cunha+Leite%2C+55%2C+Centro+C%C3%ADvico%2C+Mogi+das+Cruzes%2C+SP,,,sem informação,68,Prioridade Média,tem site; telefone localizado; e-mail localizado; redes sociais nao localizadas; nota/avaliacoes Google nao coletadas nesta fonte
Escola Municipal de Educação Infantil Professora Cecília de Souza Lima Vianna,Escola,Escola Infantil,Mogi das Cruzes,Taiaçupeba,"Rua Avelino Nunes de Souza, 235, Taiaçupeba, Mogi das Cruzes, SP",+55 11 4724 0761,,em.vianna@se-pmmc.com.br,https://www.mogidascruzes.sp.gov.br/unidade-e-equipamento/0/escola-municipal-cecilia-de-souza-lima-vianna-prof,,,,https://www.google.com/maps/search/?api=1&query=Escola+Municipal+de+Educa%C3%A7%C3%A3o+Infantil+Professora+Cec%C3%ADlia+de+Souza+Lima+Vianna+Rua+Avelino+Nunes+de+Souza%2C+235%2C+Taia%C3%A7upeba%2C+Mogi+das+Cruzes%2C+SP,,,sem informação,68,Prioridade Média,tem site; telefone localizado; e-mail localizado; redes sociais nao localizadas; operador: government; nota/avaliacoes Google nao coletadas nesta fonte
Escola Municipal José Alves dos Santos,Escola,Escola,Mogi das Cruzes,Jundiapeba,"Rua Pedro Paulo dos Santos, 2485, Jundiapeba, Mogi das Cruzes, SP",+55 11 4721 2085,,em.santos@se-pmmc.com.br,https://www.mogidascruzes.sp.gov.br/unidade-e-equipamento/0/escola-municipal-jose-alves-dos-santos,,,,https://www.google.com/maps/search/?api=1&query=Escola+Municipal+Jos%C3%A9+Alves+dos+Santos+Rua+Pedro+Paulo+dos+Santos%2C+2485%2C+Jundiapeba%2C+Mogi+das+Cruzes%2C+SP,,,sem informação,68,Prioridade Média,tem site; telefone localizado; e-mail localizado; redes sociais nao localizadas; operador: government; nota/avaliacoes Google nao coletadas nesta fonte
Centro Municipal de Programa Educacional Oswaldo Regino Ornellas,Escola,Centro Educacional,Mogi das Cruzes,Jundiapeba,"Rua Benedita Pereira Franco, 2801, Jundiapeba, Mogi das Cruzes, SP",+55 11 4721 3645,,cempre.ornellas@se-pmmc.com.br,https://www.mogidascruzes.sp.gov.br/unidade-e-equipamento/0/cempre-oswaldo-regino-ornellas,,,,https://www.google.com/maps/search/?api=1&query=Centro+Municipal+de+Programa+Educacional+Oswaldo+Regino+Ornellas+Rua+Benedita+Pereira+Franco%2C+2801%2C+Jundiapeba%2C+Mogi+das+Cruzes%2C+SP,,,sem informação,68,Prioridade Média,tem site; telefone localizado; e-mail localizado; redes sociais nao localizadas; nota/avaliacoes Google nao coletadas nesta fonte
Centro Educacional de Educação Infantil Professora Luiza Conceição Silva,Escola,Escola Infantil,Mogi das Cruzes,Jundiapeba,"Avenida Gumercindo Gonçalves, Jundiapeba, Mogi das Cruzes, SP",+55 11 3996 7214,,ceim.conceicao@se-pmmc.com.br,https://www.mogidascruzes.sp.gov.br/unidade-e-equipamento/0/ceic-arte-do-aprender-ceim-luiza-conceicao-silva-prof,,,,https://www.google.com/maps/search/?api=1&query=Centro+Educacional+de+Educa%C3%A7%C3%A3o+Infantil+Professora+Luiza+Concei%C3%A7%C3%A3o+Silva+Avenida+Gumercindo+Gon%C3%A7alves%2C+Jundiapeba%2C+Mogi+das+Cruzes%2C+SP,,,sem informação,68,Prioridade Média,tem site; telefone localizado; e-mail localizado; redes sociais nao localizadas; operador: government; nota/avaliacoes Google nao coletadas nesta fonte
Escola de Educação Infantil e Ensino Fundamental Professora  Botyra Camorim Gatti,Escola,Escola Infantil,Mogi das Cruzes,Alto do Ipiranga,"Rua Carmem Moura Santos, 134, Alto do Ipiranga, Mogi das Cruzes, SP",+55 11 4799 9548,,apae@apaemc.org.br,https://apaemc.org.br/apae/quem-somos/,,,,https://www.google.com/maps/search/?api=1&query=Escola+de+Educa%C3%A7%C3%A3o+Infantil+e+Ensino+Fundamental+Professora++Botyra+Camorim+Gatti+Rua+Carmem+Moura+Santos%2C+134%2C+Alto+do+Ipiranga%2C+Mogi+das+Cruzes%2C+SP,,,sem informação,68,Prioridade Média,tem site; telefone localizado; e-mail localizado; redes sociais nao localizadas; nota/avaliacoes Google nao coletadas nesta fonte
Centro Educacional Nipo-Brasileiro de Suzano,Escola,Centro Educacional,Suzano,Sítio Suíço,"Rua Dib Tannus, 536, Sítio Suíço, Suzano, SP",+55 11 4742 8584,,secretaria@cenibras.com.br,https://www.cenibras.com.br/,,,,https://www.google.com/maps/search/?api=1&query=Centro+Educacional+Nipo-Brasileiro+de+Suzano+Rua+Dib+Tannus%2C+536%2C+S%C3%ADtio+Su%C3%AD%C3%A7o%2C+Suzano%2C+SP,,,sem informação,68,Prioridade Média,tem site; telefone localizado; e-mail localizado; redes sociais nao localizadas; nota/avaliacoes Google nao coletadas nesta fonte
Escola Estadual Professora Maria Rodrigues Gonçalves,Escola,Escola,Mogi das Cruzes,Jardim Maricá,"Rua Pedro Alvares Cabral, 1, Jardim Maricá, Mogi das Cruzes, SP",+55 11 4790 5262,,E006836a@educacao.sp.gov.br,,,,,https://www.google.com/maps/search/?api=1&query=Escola+Estadual+Professora+Maria+Rodrigues+Gon%C3%A7alves+Rua+Pedro+Alvares+Cabral%2C+1%2C+Jardim+Maric%C3%A1%2C+Mogi+das+Cruzes%2C+SP,,,sem informação,67,Prioridade Média,sem site encontrado na fonte publica; telefone localizado; e-mail localizado; redes sociais nao localizadas; operador: government; nota/avaliacoes Google nao coletadas nesta fonte
Escola Estadual Padre Bernardo Murphy,Escola,Escola,Mogi das Cruzes,Rio Acima,"Rua Treze, 100, Rio Acima, Mogi das Cruzes, SP",+55 11 4797 2178,,e079900a@educacao.sp.gov.br,,,,,https://www.google.com/maps/search/?api=1&query=Escola+Estadual+Padre+Bernardo+Murphy+Rua+Treze%2C+100%2C+Rio+Acima%2C+Mogi+das+Cruzes%2C+SP,,,sem informação,67,Prioridade Média,sem site encontrado na fonte publica; telefone localizado; e-mail localizado; redes sociais nao localizadas; operador: government; nota/avaliacoes Google nao coletadas nesta fonte
Escola Estadual Professor Firmino Ladeira,Escola,Escola,Mogi das Cruzes,Mogi Moderno,"Avenida Brasil, 840, Mogi Moderno, Mogi das Cruzes, SP",+55 11 4796 2789,,e006725a@educacao.sp.gov.br,,,,,https://www.google.com/maps/search/?api=1&query=Escola+Estadual+Professor+Firmino+Ladeira+Avenida+Brasil%2C+840%2C+Mogi+Moderno%2C+Mogi+das+Cruzes%2C+SP,,,sem informação,67,Prioridade Média,sem site encontrado na fonte publica; telefone localizado; e-mail localizado; redes sociais nao localizadas; operador: government; nota/avaliacoes Google nao coletadas nesta fonte
Escola Estadual Professor Francisco de Souza Mello,Escola,Escola,Mogi das Cruzes,Vila São Paulo,"Rua Aurora, 180, Vila São Paulo, Mogi das Cruzes, SP",+55 11 4792 7166,,e006701a@educacao.sp.gov.br,,,,,https://www.google.com/maps/search/?api=1&query=Escola+Estadual+Professor+Francisco+de+Souza+Mello+Rua+Aurora%2C+180%2C+Vila+S%C3%A3o+Paulo%2C+Mogi+das+Cruzes%2C+SP,,,sem informação,67,Prioridade Média,sem site encontrado na fonte publica; telefone localizado; e-mail localizado; redes sociais nao localizadas; operador: government; nota/avaliacoes Google nao coletadas nesta fonte
Escola Municipal Professora Florisa Faustino Pinto,Escola,Escola,Mogi das Cruzes,Porteira Preta,"Rua Europa, 20, Porteira Preta, Mogi das Cruzes, SP",+55 11 4727 1976,,em.faustino@se-pmmc.com.br,,,,,https://www.google.com/maps/search/?api=1&query=Escola+Municipal+Professora+Florisa+Faustino+Pinto+Rua+Europa%2C+20%2C+Porteira+Preta%2C+Mogi+das+Cruzes%2C+SP,,,sem informação,67,Prioridade Média,sem site encontrado na fonte publica; telefone localizado; e-mail localizado; redes sociais nao localizadas; operador: government; nota/avaliacoes Google nao coletadas nesta fonte
Escola Estadual Benedito de Souza Lima,Escola,Escola,Mogi das Cruzes,Taiaçupeba,"Rua Guararema, 138, Taiaçupeba, Mogi das Cruzes, SP",+55 11 4724 0416,,e006841a@educacao.sp.gov.br,,,,,https://www.google.com/maps/search/?api=1&query=Escola+Estadual+Benedito+de+Souza+Lima+Rua+Guararema%2C+138%2C+Taia%C3%A7upeba%2C+Mogi+das+Cruzes%2C+SP,,,sem informação,67,Prioridade Média,sem site encontrado na fonte publica; telefone localizado; e-mail localizado; redes sociais nao localizadas; operador: government; nota/avaliacoes Google nao coletadas nesta fonte
Escola Estadual José Ribeiro Guimarães,Escola,Escola,Mogi das Cruzes,Vila São Paulo,"Rua Independencia, Vila São Paulo, Mogi das Cruzes, SP",+55 11 4761 7045,,e916961a@educacao.sp.gov.br,,,,,https://www.google.com/maps/search/?api=1&query=Escola+Estadual+Jos%C3%A9+Ribeiro+Guimar%C3%A3es+Rua+Independencia%2C+Vila+S%C3%A3o+Paulo%2C+Mogi+das+Cruzes%2C+SP,,,sem informação,67,Prioridade Média,sem site encontrado na fonte publica; telefone localizado; e-mail localizado; redes sociais nao localizadas; operador: government; nota/avaliacoes Google nao coletadas nesta fonte
Escola Estadual Alzira Fernandes Scungisqui,Escola,Escola,Mogi das Cruzes,Jardim Aracy,"Rua Joaquim Rama Forte, 115, Jardim Aracy, Mogi das Cruzes, SP",+55 11 4790 5185,,e921063a@educacao.sp.gov.br,,,,,https://www.google.com/maps/search/?api=1&query=Escola+Estadual+Alzira+Fernandes+Scungisqui+Rua+Joaquim+Rama+Forte%2C+115%2C+Jardim+Aracy%2C+Mogi+das+Cruzes%2C+SP,,,sem informação,67,Prioridade Média,sem site encontrado na fonte publica; telefone localizado; e-mail localizado; redes sociais nao localizadas; operador: government; nota/avaliacoes Google nao coletadas nesta fonte
Escola Estadual Professor Paulo Ferrari Massaro,Escola,Escola,Mogi das Cruzes,Jundiapeba,"Rua Alexandre Andreotti, 400, Jundiapeba, Mogi das Cruzes, SP",+55 11 4727 1792,,e035543a@educacao.sp.gov.br,,,,,https://www.google.com/maps/search/?api=1&query=Escola+Estadual+Professor+Paulo+Ferrari+Massaro+Rua+Alexandre+Andreotti%2C+400%2C+Jundiapeba%2C+Mogi+das+Cruzes%2C+SP,,,sem informação,67,Prioridade Média,sem site encontrado na fonte publica; telefone localizado; e-mail localizado; redes sociais nao localizadas; operador: government; nota/avaliacoes Google nao coletadas nesta fonte
Escola Municipal Professora Noemia Real Fidalgo,Escola,Escola,Mogi das Cruzes,Jardim Maricá,"Avenida Ezelino da Cunha Glória, 285, Jardim Maricá, Mogi das Cruzes, SP",+55 11 4791 0322,,em.fidalgo@se-pmmc.com.br,,,,,https://www.google.com/maps/search/?api=1&query=Escola+Municipal+Professora+Noemia+Real+Fidalgo+Avenida+Ezelino+da+Cunha+Gl%C3%B3ria%2C+285%2C+Jardim+Maric%C3%A1%2C+Mogi+das+Cruzes%2C+SP,,,sem informação,67,Prioridade Média,sem site encontrado na fonte publica; telefone localizado; e-mail localizado; redes sociais nao localizadas; operador: government; nota/avaliacoes Google nao coletadas nesta fonte
Escola Municipal Professora Wanda de Almeida Trandafilov,Escola,Escola,Mogi das Cruzes,Parque São Martinho,"Avenida Ricieri Bertaiolli, 300, Parque São Martinho, Mogi das Cruzes, SP",+55 11 4721 9061,,em.trandafilov@se-pmmc.com.br,,,,,https://www.google.com/maps/search/?api=1&query=Escola+Municipal+Professora+Wanda+de+Almeida+Trandafilov+Avenida+Ricieri+Bertaiolli%2C+300%2C+Parque+S%C3%A3o+Martinho%2C+Mogi+das+Cruzes%2C+SP,,,sem informação,67,Prioridade Média,sem site encontrado na fonte publica; telefone localizado; e-mail localizado; redes sociais nao localizadas; operador: government; nota/avaliacoes Google nao coletadas nesta fonte
Escola Estadual Professora Sueli Oliveira Silva Martins,Escola,Escola,Mogi das Cruzes,Vila da Prata,"Rua Monte Carmelo, 110, Vila da Prata, Mogi das Cruzes, SP",+55 11 4796 8326,,e906347a@educacao.sp.gov.br,,,,,https://www.google.com/maps/search/?api=1&query=Escola+Estadual+Professora+Sueli+Oliveira+Silva+Martins+Rua+Monte+Carmelo%2C+110%2C+Vila+da+Prata%2C+Mogi+das+Cruzes%2C+SP,,,sem informação,67,Prioridade Média,sem site encontrado na fonte publica; telefone localizado; e-mail localizado; redes sociais nao localizadas; operador: government; nota/avaliacoes Google nao coletadas nesta fonte
Escola Estadual Professora Josephina Najar Hernandez,Escola,Escola,Mogi das Cruzes,Jundiapeba,"Rua Pedro Paulo dos Santos, 2475, Jundiapeba, Mogi das Cruzes, SP",+55 11 4721 6117,,e046449a@educacao.gov.sp.br,,,,,https://www.google.com/maps/search/?api=1&query=Escola+Estadual+Professora+Josephina+Najar+Hernandez+Rua+Pedro+Paulo+dos+Santos%2C+2475%2C+Jundiapeba%2C+Mogi+das+Cruzes%2C+SP,,,sem informação,67,Prioridade Média,sem site encontrado na fonte publica; telefone localizado; e-mail localizado; redes sociais nao localizadas; operador: government; nota/avaliacoes Google nao coletadas nesta fonte
Escola Municipal Professora Wilma de Almeida Rodrigues,Escola,Escola,Mogi das Cruzes,Taboão,"Estrada do Taboão do Parateí, km 18, Taboão, Mogi das Cruzes, SP",+55 11 4727 7570,,em.rodrigues@se-pmmc.com.br,,,,,https://www.google.com/maps/search/?api=1&query=Escola+Municipal+Professora+Wilma+de+Almeida+Rodrigues+Estrada+do+Tabo%C3%A3o+do+Parate%C3%AD%2C+km+18%2C+Tabo%C3%A3o%2C+Mogi+das+Cruzes%2C+SP,,,sem informação,67,Prioridade Média,sem site encontrado na fonte publica; telefone localizado; e-mail localizado; redes sociais nao localizadas; operador: government; nota/avaliacoes Google nao coletadas nesta fonte
Escola Municipal Professora Sônia Brasil de Siqueira Andreucci,Escola,Escola,Mogi das Cruzes,Jardim Margarida,"Rua Fátima, 62, Jardim Margarida, Mogi das Cruzes, SP",+55 11 4699 9005,,em.andreucci@se-pmmc.com.br,,,,,https://www.google.com/maps/search/?api=1&query=Escola+Municipal+Professora+S%C3%B4nia+Brasil+de+Siqueira+Andreucci+Rua+F%C3%A1tima%2C+62%2C+Jardim+Margarida%2C+Mogi+das+Cruzes%2C+SP,,,sem informação,67,Prioridade Média,sem site encontrado na fonte publica; telefone localizado; e-mail localizado; redes sociais nao localizadas; nota/avaliacoes Google nao coletadas nesta fonte
Centro Educacional Infantil Municipal Professora Eliane Hiratsuka,Escola,Escola Infantil,Mogi das Cruzes,Caputera,"Avenida José Glicério de Mello, 1771, Caputera, Mogi das Cruzes, SP",+55 11 4725 4493,,c.samaritano@se-pmmc.com.br,,,,,https://www.google.com/maps/search/?api=1&query=Centro+Educacional+Infantil+Municipal+Professora+Eliane+Hiratsuka+Avenida+Jos%C3%A9+Glic%C3%A9rio+de+Mello%2C+1771%2C+Caputera%2C+Mogi+das+Cruzes%2C+SP,,,sem informação,67,Prioridade Média,sem site encontrado na fonte publica; telefone localizado; e-mail localizado; redes sociais nao localizadas; operador: government; nota/avaliacoes Google nao coletadas nesta fonte
Escola Municipal de Educação Infantil Henrique Peres,Escola,Escola Infantil,Mogi das Cruzes,Vila Industrial,"Rua Aprígio de Oliveira, 336, Vila Industrial, Mogi das Cruzes, SP",+55 11 4791 0545,,andreiacorrea@se-pmmc.com.br,,,,,https://www.google.com/maps/search/?api=1&query=Escola+Municipal+de+Educa%C3%A7%C3%A3o+Infantil+Henrique+Peres+Rua+Apr%C3%ADgio+de+Oliveira%2C+336%2C+Vila+Industrial%2C+Mogi+das+Cruzes%2C+SP,,,sem informação,67,Prioridade Média,sem site encontrado na fonte publica; telefone localizado; e-mail localizado; redes sociais nao localizadas; nota/avaliacoes Google nao coletadas nesta fonte
Centro de Educação Infantil Municipal Professora Clara Rodrigues Nahum,Escola,Escola Infantil,Mogi das Cruzes,Porteira Preta,"Rua Turquia, 421, Porteira Preta, Mogi das Cruzes, SP",+55 11 4722 5369,,ceim.nahum@se-pmmc.com.br,,,,,https://www.google.com/maps/search/?api=1&query=Centro+de+Educa%C3%A7%C3%A3o+Infantil+Municipal+Professora+Clara+Rodrigues+Nahum+Rua+Turquia%2C+421%2C+Porteira+Preta%2C+Mogi+das+Cruzes%2C+SP,,,sem informação,67,Prioridade Média,sem site encontrado na fonte publica; telefone localizado; e-mail localizado; redes sociais nao localizadas; operador: religious; nota/avaliacoes Google nao coletadas nesta fonte
Escola Municipal de Ensino Fundamental Cid Torquato,Escola,Escola,Mogi das Cruzes,Barragem,"Rua Madalena, km 3.5, Barragem, Mogi das Cruzes, SP",+55 11 4723 0823,,emr.torquato@se-pmmc.com.br,,,,,https://www.google.com/maps/search/?api=1&query=Escola+Municipal+de+Ensino+Fundamental+Cid+Torquato+Rua+Madalena%2C+km+3.5%2C+Barragem%2C+Mogi+das+Cruzes%2C+SP,,,sem informação,67,Prioridade Média,sem site encontrado na fonte publica; telefone localizado; e-mail localizado; redes sociais nao localizadas; operador: government; nota/avaliacoes Google nao coletadas nesta fonte
Escola Estadual Professor Frederico de Barros Brotero,Escola,Escola,Guarulhos,Centro,"Rua Jaiminho, 82, Centro, Guarulhos, SP",+55 11 2440 9405,,e006063a@educacao.sp.gov.br,,,,,https://www.google.com/maps/search/?api=1&query=Escola+Estadual+Professor+Frederico+de+Barros+Brotero+Rua+Jaiminho%2C+82%2C+Centro%2C+Guarulhos%2C+SP,,,sem informação,67,Prioridade Média,sem site encontrado na fonte publica; telefone localizado; e-mail localizado; redes sociais nao localizadas; operador: government; nota/avaliacoes Google nao coletadas nesta fonte
Escola Estadual Professor Silvério Bertoni,Escola,Escola,Guarulhos,Vila Rio,"Rua São Geraldo, 443, Vila Rio, Guarulhos, SP",+55 11 2456 5904,,e036699a@educacao.sp.gov.br,,,,,https://www.google.com/maps/search/?api=1&query=Escola+Estadual+Professor+Silv%C3%A9rio+Bertoni+Rua+S%C3%A3o+Geraldo%2C+443%2C+Vila+Rio%2C+Guarulhos%2C+SP,,,sem informação,67,Prioridade Média,sem site encontrado na fonte publica; telefone localizado; e-mail localizado; redes sociais nao localizadas; operador: government; nota/avaliacoes Google nao coletadas nesta fonte
Escola Estadual Carlos Giulietto,Escola,Escola,Guarulhos,Picanço,"Rua Dona Tecla, 286, Picanço, Guarulhos, SP",+55 11 2452 6405,,e041889a@educacao.sp.gov.br,,,,,https://www.google.com/maps/search/?api=1&query=Escola+Estadual+Carlos+Giulietto+Rua+Dona+Tecla%2C+286%2C+Pican%C3%A7o%2C+Guarulhos%2C+SP,,,sem informação,67,Prioridade Média,sem site encontrado na fonte publica; telefone localizado; e-mail localizado; redes sociais nao localizadas; operador: government; nota/avaliacoes Google nao coletadas nesta fonte
Escola Estadual Francisco Milton de Andrade,Escola,Escola,Guarulhos,Cabuçu,"Rua Fabrício Ricardi Marques de Oliveira, 48, Cabuçu, Guarulhos, SP",+55 112458 0511,,e921048a@educacao.sp.gov.br,,,,,https://www.google.com/maps/search/?api=1&query=Escola+Estadual+Francisco+Milton+de+Andrade+Rua+Fabr%C3%ADcio+Ricardi+Marques+de+Oliveira%2C+48%2C+Cabu%C3%A7u%2C+Guarulhos%2C+SP,,,sem informação,67,Prioridade Média,sem site encontrado na fonte publica; telefone localizado; e-mail localizado; redes sociais nao localizadas; operador: government; nota/avaliacoes Google nao coletadas nesta fonte
Escola Estadual Maria Leoni,Escola,Escola,Guarulhos,Paraventi,"Rua Benedito Lacerda, Paraventi, Guarulhos, SP",+55 11 2408 3070,,e005988a@educacao.sp.gov.br,,,,,https://www.google.com/maps/search/?api=1&query=Escola+Estadual+Maria+Leoni+Rua+Benedito+Lacerda%2C+Paraventi%2C+Guarulhos%2C+SP,,,sem informação,67,Prioridade Média,sem site encontrado na fonte publica; telefone localizado; e-mail localizado; redes sociais nao localizadas; operador: government; nota/avaliacoes Google nao coletadas nesta fonte
Escola Estadual  Professor Paulo Nogueira,Escola,Escola,Guarulhos,Centro,"Rua Bartolomeu de Gusmão, 2, Centro, Guarulhos, SP",+55 11 2468 0417,,e005897a@educacao.sp.gov.br,,,,,https://www.google.com/maps/search/?api=1&query=Escola+Estadual++Professor+Paulo+Nogueira+Rua+Bartolomeu+de+Gusm%C3%A3o%2C+2%2C+Centro%2C+Guarulhos%2C+SP,,,sem informação,67,Prioridade Média,sem site encontrado na fonte publica; telefone localizado; e-mail localizado; redes sociais nao localizadas; operador: government; nota/avaliacoes Google nao coletadas nesta fonte
Escola Estadual Dona Brasília Castanho de Oliveira,Escola,Escola,Guarulhos,Picanço,"Rua Anésio, 58, Picanço, Guarulhos, SP",+55 11 2459 3892,,e005836a@educacao.sp.gov.br,,,,,https://www.google.com/maps/search/?api=1&query=Escola+Estadual+Dona+Bras%C3%ADlia+Castanho+de+Oliveira+Rua+An%C3%A9sio%2C+58%2C+Pican%C3%A7o%2C+Guarulhos%2C+SP,,,sem informação,67,Prioridade Média,sem site encontrado na fonte publica; telefone localizado; e-mail localizado; redes sociais nao localizadas; nota/avaliacoes Google nao coletadas nesta fonte
Escola Estadual Professor Celso Piva,Escola,Escola,Guarulhos,Picanço,"Rua Nizal, 87, Picanço, Guarulhos, SP",+55 11 2458 0465,,e923761a@educacao.sp.gov.br,,,,,https://www.google.com/maps/search/?api=1&query=Escola+Estadual+Professor+Celso+Piva+Rua+Nizal%2C+87%2C+Pican%C3%A7o%2C+Guarulhos%2C+SP,,,sem informação,67,Prioridade Média,sem site encontrado na fonte publica; telefone localizado; e-mail localizado; redes sociais nao localizadas; operador: government; nota/avaliacoes Google nao coletadas nesta fonte
Escola Estadual João Crispiniano Soares,Escola,Escola,Guarulhos,Vila Augusta,"Rua Francisco Antunes, 1078, Vila Augusta, Guarulhos, SP",+55 11 2421 3461,,e006233a@educacao.gov.sp.br,,,,,https://www.google.com/maps/search/?api=1&query=Escola+Estadual+Jo%C3%A3o+Crispiniano+Soares+Rua+Francisco+Antunes%2C+1078%2C+Vila+Augusta%2C+Guarulhos%2C+SP,,,sem informação,67,Prioridade Média,sem site encontrado na fonte publica; telefone localizado; e-mail localizado; redes sociais nao localizadas; nota/avaliacoes Google nao coletadas nesta fonte
Escola da Prefeitura de Guarulhos da Emília,Escola,Escola,Guarulhos,Itapegica,"Rua João Loprete, 234, Itapegica, Guarulhos, SP",+55 11 2421 3225,,epgdaemilia@guarulhos.sp.gov.br,,,,,https://www.google.com/maps/search/?api=1&query=Escola+da+Prefeitura+de+Guarulhos+da+Em%C3%ADlia+Rua+Jo%C3%A3o+Loprete%2C+234%2C+Itapegica%2C+Guarulhos%2C+SP,,,sem informação,67,Prioridade Média,sem site encontrado na fonte publica; telefone localizado; e-mail localizado; redes sociais nao localizadas; operador: government; nota/avaliacoes Google nao coletadas nesta fonte
Escola Estadual Professora Dulce Maria Sampaio,Escola,Escola,Itaquaquecetuba,Souza Campos,"Avenida Gonçalves Dias, 961, Souza Campos, Itaquaquecetuba, SP",+55 11 4645 3110,,e921497a@educacao.sp.gov.br,,,,,https://www.google.com/maps/search/?api=1&query=Escola+Estadual+Professora+Dulce+Maria+Sampaio+Avenida+Gon%C3%A7alves+Dias%2C+961%2C+Souza+Campos%2C+Itaquaquecetuba%2C+SP,,,sem informação,67,Prioridade Média,sem site encontrado na fonte publica; telefone localizado; e-mail localizado; redes sociais nao localizadas; operador: government; nota/avaliacoes Google nao coletadas nesta fonte
Escola Estadual Joaquim Gonçalves Ferreira da Silva,Escola,Escola,Itaquaquecetuba,Estância Fraternidade,"Rua Vespasiano, Estância Fraternidade, Itaquaquecetuba, SP",+55 11 4648 7188,,e912323a@educacao.sp.gov.br,,,,,https://www.google.com/maps/search/?api=1&query=Escola+Estadual+Joaquim+Gon%C3%A7alves+Ferreira+da+Silva+Rua+Vespasiano%2C+Est%C3%A2ncia+Fraternidade%2C+Itaquaquecetuba%2C+SP,,,sem informação,67,Prioridade Média,sem site encontrado na fonte publica; telefone localizado; e-mail localizado; redes sociais nao localizadas; operador: government; nota/avaliacoes Google nao coletadas nesta fonte
Escola Estadual Homero Fernando Millano,Escola,Escola,Itaquaquecetuba,Vila Zeferina,"Avenida João Barbosa de Moraes, 157, Vila Zeferina, Itaquaquecetuba, SP",+55 11 4647 5887,,e007122a@educacao.sp.gov.br,,,,,https://www.google.com/maps/search/?api=1&query=Escola+Estadual+Homero+Fernando+Millano+Avenida+Jo%C3%A3o+Barbosa+de+Moraes%2C+157%2C+Vila+Zeferina%2C+Itaquaquecetuba%2C+SP,,,sem informação,67,Prioridade Média,sem site encontrado na fonte publica; telefone localizado; e-mail localizado; redes sociais nao localizadas; operador: government; nota/avaliacoes Google nao coletadas nesta fonte
Escola Estadual Professora Edina Alvares Barbosa,Escola,Escola,Itaquaquecetuba,Vila Japão,"Rua São Roque, 381, Vila Japão, Itaquaquecetuba, SP",+55 11 4648 2048,,e007286a@educacao.sp.gov.br,,,,,https://www.google.com/maps/search/?api=1&query=Escola+Estadual+Professora+Edina+Alvares+Barbosa+Rua+S%C3%A3o+Roque%2C+381%2C+Vila+Jap%C3%A3o%2C+Itaquaquecetuba%2C+SP,,,sem informação,67,Prioridade Média,sem site encontrado na fonte publica; telefone localizado; e-mail localizado; redes sociais nao localizadas; operador: government; nota/avaliacoes Google nao coletadas nesta fonte
Escola Municipal João Geraldo dos Santos,Escola,Escola,Itaquaquecetuba,Vila Japão,"Rua São Roque, 431, Vila Japão, Itaquaquecetuba, SP",+55 11 4648 2912,,emjoaogeraldo@semecti.com,,,,,https://www.google.com/maps/search/?api=1&query=Escola+Municipal+Jo%C3%A3o+Geraldo+dos+Santos+Rua+S%C3%A3o+Roque%2C+431%2C+Vila+Jap%C3%A3o%2C+Itaquaquecetuba%2C+SP,,,sem informação,67,Prioridade Média,sem site encontrado na fonte publica; telefone localizado; e-mail localizado; redes sociais nao localizadas; operador: government; nota/avaliacoes Google nao coletadas nesta fonte
Escola Estadual Parque Piratininga II,Escola,Escola,Itaquaquecetuba,Parque Piratininga,"Rua Joaquim Serra, 110, Parque Piratininga, Itaquaquecetuba, SP",+55 11 4648 3748,,e923941a@educacao.sp.gov.br,,,,,https://www.google.com/maps/search/?api=1&query=Escola+Estadual+Parque+Piratininga+II+Rua+Joaquim+Serra%2C+110%2C+Parque+Piratininga%2C+Itaquaquecetuba%2C+SP,,,sem informação,67,Prioridade Média,sem site encontrado na fonte publica; telefone localizado; e-mail localizado; redes sociais nao localizadas; operador: government; nota/avaliacoes Google nao coletadas nesta fonte
Escola Municipal Sebastião Gregório dos Santos,Escola,Escola,Itaquaquecetuba,Parque Viviane,"Rua Serra do Espinhaço, 132, Parque Viviane, Itaquaquecetuba, SP",+55 11 4648 9719,,emsebastiaogregorio@semecti.com,,,,,https://www.google.com/maps/search/?api=1&query=Escola+Municipal+Sebasti%C3%A3o+Greg%C3%B3rio+dos+Santos+Rua+Serra+do+Espinha%C3%A7o%2C+132%2C+Parque+Viviane%2C+Itaquaquecetuba%2C+SP,,,sem informação,67,Prioridade Média,sem site encontrado na fonte publica; telefone localizado; e-mail localizado; redes sociais nao localizadas; nota/avaliacoes Google nao coletadas nesta fonte
Escola Estadual Kakunosuke Hasegawa,Escola,Escola,Itaquaquecetuba,Jardim Itaquá,"Rua Serra dos Parecis, 200, Jardim Itaquá, Itaquaquecetuba, SP",+55 11 4648 2021,,e045019A@educacao.sp.gov.br,,,,,https://www.google.com/maps/search/?api=1&query=Escola+Estadual+Kakunosuke+Hasegawa+Rua+Serra+dos+Parecis%2C+200%2C+Jardim+Itaqu%C3%A1%2C+Itaquaquecetuba%2C+SP,,,sem informação,67,Prioridade Média,sem site encontrado na fonte publica; telefone localizado; e-mail localizado; redes sociais nao localizadas; operador: government; nota/avaliacoes Google nao coletadas nesta fonte
Escola Estadual Roque Barbosa de Miranda,Escola,Escola,Itaquaquecetuba,Jardim Rosely,"Estrada do Ribeiro, 250, Jardim Rosely, Itaquaquecetuba, SP",+55 11 4645 3266,,e904430a@educacao.sp.gov.br,,,,,https://www.google.com/maps/search/?api=1&query=Escola+Estadual+Roque+Barbosa+de+Miranda+Estrada+do+Ribeiro%2C+250%2C+Jardim+Rosely%2C+Itaquaquecetuba%2C+SP,,,sem informação,67,Prioridade Média,sem site encontrado na fonte publica; telefone localizado; e-mail localizado; redes sociais nao localizadas; operador: government; nota/avaliacoes Google nao coletadas nesta fonte
Escola Estadual Vereador Maurício Alves Braz,Escola,Escola,Itaquaquecetuba,Jardim Maragogipe,"Rua Pixinguinha, 426, Jardim Maragogipe, Itaquaquecetuba, SP",+55 11 4648 2993,,e912311a@educacao.sp.gov.br,,,,,https://www.google.com/maps/search/?api=1&query=Escola+Estadual+Vereador+Maur%C3%ADcio+Alves+Braz+Rua+Pixinguinha%2C+426%2C+Jardim+Maragogipe%2C+Itaquaquecetuba%2C+SP,,,sem informação,67,Prioridade Média,sem site encontrado na fonte publica; telefone localizado; e-mail localizado; redes sociais nao localizadas; nota/avaliacoes Google nao coletadas nesta fonte
Escola Estadual Nemésio Cândido Gomes,Escola,Escola,Itaquaquecetuba,Vila Virgínia,"Rua Ourinhos, 475, Vila Virgínia, Itaquaquecetuba, SP",+55 11 4647 5897,,e912293a@educacao.sp.gov.br,,,,,https://www.google.com/maps/search/?api=1&query=Escola+Estadual+Nem%C3%A9sio+C%C3%A2ndido+Gomes+Rua+Ourinhos%2C+475%2C+Vila+Virg%C3%ADnia%2C+Itaquaquecetuba%2C+SP,,,sem informação,67,Prioridade Média,sem site encontrado na fonte publica; telefone localizado; e-mail localizado; redes sociais nao localizadas; nota/avaliacoes Google nao coletadas nesta fonte
Escola Estadual Pequeno Coração II,Escola,Escola,Itaquaquecetuba,Pequeno Coração,"Rua Fernão de Magalhães, 91, Pequeno Coração, Itaquaquecetuba, SP",+55 11 4648 3815,,e923936a@educacao.sp.gov.br,,,,,https://www.google.com/maps/search/?api=1&query=Escola+Estadual+Pequeno+Cora%C3%A7%C3%A3o+II+Rua+Fern%C3%A3o+de+Magalh%C3%A3es%2C+91%2C+Pequeno+Cora%C3%A7%C3%A3o%2C+Itaquaquecetuba%2C+SP,,,sem informação,67,Prioridade Média,sem site encontrado na fonte publica; telefone localizado; e-mail localizado; redes sociais nao localizadas; operador: government; nota/avaliacoes Google nao coletadas nesta fonte
Escola Estadual Vila Ursulina,Escola,Escola,Itaquaquecetuba,Vila Ursulina,"Rua Maringá, 368, Vila Ursulina, Itaquaquecetuba, SP",+55 11 4642 8938,,e446300a@educacao.sp.gov.br,,,,,https://www.google.com/maps/search/?api=1&query=Escola+Estadual+Vila+Ursulina+Rua+Maring%C3%A1%2C+368%2C+Vila+Ursulina%2C+Itaquaquecetuba%2C+SP,,,sem informação,67,Prioridade Média,sem site encontrado na fonte publica; telefone localizado; e-mail localizado; redes sociais nao localizadas; nota/avaliacoes Google nao coletadas nesta fonte
Escola Estadual Parque Piratininga,Escola,Escola,Itaquaquecetuba,Parque Piratininga,"Rua Jorge Amado, 56, Parque Piratininga, Itaquaquecetuba, SP",+55 11 4641 6442,,e916584a@educacao.sp.gov.br,,,,,https://www.google.com/maps/search/?api=1&query=Escola+Estadual+Parque+Piratininga+Rua+Jorge+Amado%2C+56%2C+Parque+Piratininga%2C+Itaquaquecetuba%2C+SP,,,sem informação,67,Prioridade Média,sem site encontrado na fonte publica; telefone localizado; e-mail localizado; redes sociais nao localizadas; operador: government; nota/avaliacoes Google nao coletadas nesta fonte
Escola Estadual  José Olympio Pereira Filho,Escola,Escola,Itaquaquecetuba,Pedreira,"Avenida Fernando Vieira Rossi, 1711, Pedreira, Itaquaquecetuba, SP",+55 11 4647 5876,,e912300a@educacao.sp.gov.br,,,,,https://www.google.com/maps/search/?api=1&query=Escola+Estadual++Jos%C3%A9+Olympio+Pereira+Filho+Avenida+Fernando+Vieira+Rossi%2C+1711%2C+Pedreira%2C+Itaquaquecetuba%2C+SP,,,sem informação,67,Prioridade Média,sem site encontrado na fonte publica; telefone localizado; e-mail localizado; redes sociais nao localizadas; operador: government; nota/avaliacoes Google nao coletadas nesta fonte
Escola Municipal Vereador João Marques,Escola,Escola,Itaquaquecetuba,Jardim Odete,"Rua Olavo Bilac, 121, Jardim Odete, Itaquaquecetuba, SP",+55 11 4644 3087,,emjoaomarques@semecti.com,,,,,https://www.google.com/maps/search/?api=1&query=Escola+Municipal+Vereador+Jo%C3%A3o+Marques+Rua+Olavo+Bilac%2C+121%2C+Jardim+Odete%2C+Itaquaquecetuba%2C+SP,,,sem informação,67,Prioridade Média,sem site encontrado na fonte publica; telefone localizado; e-mail localizado; redes sociais nao localizadas; nota/avaliacoes Google nao coletadas nesta fonte
Escola Estadual Vila Ercília Algarve,Escola,Escola,Itaquaquecetuba,Vila Ursulina,"Rua Rio Grande do Sul, 465, Vila Ursulina, Itaquaquecetuba, SP",+55 11 4647 5896,,e923722a@educacao.sp.gov.br,,,,,https://www.google.com/maps/search/?api=1&query=Escola+Estadual+Vila+Erc%C3%ADlia+Algarve+Rua+Rio+Grande+do+Sul%2C+465%2C+Vila+Ursulina%2C+Itaquaquecetuba%2C+SP,,,sem informação,67,Prioridade Média,sem site encontrado na fonte publica; telefone localizado; e-mail localizado; redes sociais nao localizadas; operador: government; nota/avaliacoes Google nao coletadas nesta fonte
"Escola Municipal Ruy Ferreira Guimarães, Prof.",Escola,Escola,Suzano,Pedreira,"Rua Antônio Célso Borges, 25, Pedreira, Suzano, SP",+55 11 4749-3518,,emruy.ferreira@suzano.sp.gov.br,,,,,https://www.google.com/maps/search/?api=1&query=Escola+Municipal+Ruy+Ferreira+Guimar%C3%A3es%2C+Prof.+Rua+Ant%C3%B4nio+C%C3%A9lso+Borges%2C+25%2C+Pedreira%2C+Suzano%2C+SP,,,sem informação,67,Prioridade Média,sem site encontrado na fonte publica; telefone localizado; e-mail localizado; redes sociais nao localizadas; nota/avaliacoes Google nao coletadas nesta fonte
Escola Estadual Doutor Anis Fadul,Escola,Escola,Suzano,Vila Real Santista,"Rua Benedito José Rangel, 95, Vila Real Santista, Suzano, SP",+55 11 4746 6348,,e007055a@educacao.sp.gov.br,,,,,https://www.google.com/maps/search/?api=1&query=Escola+Estadual+Doutor+Anis+Fadul+Rua+Benedito+Jos%C3%A9+Rangel%2C+95%2C+Vila+Real+Santista%2C+Suzano%2C+SP,,,sem informação,67,Prioridade Média,sem site encontrado na fonte publica; telefone localizado; e-mail localizado; redes sociais nao localizadas; operador: government; nota/avaliacoes Google nao coletadas nesta fonte
Escola Estadual Professor Raul Brasil,Escola,Escola,Suzano,Parque Suzano,"Rua Otavio Miguel da Silva, 52, Parque Suzano, Suzano, SP",+55 11 4748 1393,,e006981a@educacao.sp.gov.br,,,,,https://www.google.com/maps/search/?api=1&query=Escola+Estadual+Professor+Raul+Brasil+Rua+Otavio+Miguel+da+Silva%2C+52%2C+Parque+Suzano%2C+Suzano%2C+SP,,,sem informação,67,Prioridade Média,sem site encontrado na fonte publica; telefone localizado; e-mail localizado; redes sociais nao localizadas; operador: government; nota/avaliacoes Google nao coletadas nesta fonte
Escola Estadual Professor Gilberto de Carvalho,Escola,Escola,Suzano,Cidade Boa Vista,"Estrado do Marengo, 189, Cidade Boa Vista, Suzano, SP",+55 11 4749 4490,,e352603a@educacao.sp.gov.br,,,,,https://www.google.com/maps/search/?api=1&query=Escola+Estadual+Professor+Gilberto+de+Carvalho+Estrado+do+Marengo%2C+189%2C+Cidade+Boa+Vista%2C+Suzano%2C+SP,,,sem informação,67,Prioridade Média,sem site encontrado na fonte publica; telefone localizado; e-mail localizado; redes sociais nao localizadas; operador: government; nota/avaliacoes Google nao coletadas nesta fonte
Escola Municipal Professora Therezinha Pereira Lima Muzel,Escola,Escola,Suzano,Pedreira,"Rua Turquia, 555, Pedreira, Suzano, SP",+55 11 4749 5758,,emeftherezinha@yahoo.com.br,,,,,https://www.google.com/maps/search/?api=1&query=Escola+Municipal+Professora+Therezinha+Pereira+Lima+Muzel+Rua+Turquia%2C+555%2C+Pedreira%2C+Suzano%2C+SP,,,sem informação,67,Prioridade Média,sem site encontrado na fonte publica; telefone localizado; e-mail localizado; redes sociais nao localizadas; operador: government; nota/avaliacoes Google nao coletadas nesta fonte
Escola Municipal Professora Sonia Regina Alonso Ostermayer,Escola,Escola,Suzano,Vila São Pedro,"Rua Nhonho de Lima, 295, Vila São Pedro, Suzano, SP",+55 11 4743 9247,,emsonia.regina@suzano.sp.gov.br,,,,,https://www.google.com/maps/search/?api=1&query=Escola+Municipal+Professora+Sonia+Regina+Alonso+Ostermayer+Rua+Nhonho+de+Lima%2C+295%2C+Vila+S%C3%A3o+Pedro%2C+Suzano%2C+SP,,,sem informação,67,Prioridade Média,sem site encontrado na fonte publica; telefone localizado; e-mail localizado; redes sociais nao localizadas; operador: government; nota/avaliacoes Google nao coletadas nesta fonte
Escola Estadual Professor Masaiti Sekine,Escola,Escola,Suzano,Jardim Fernandes,"Avenida Itapeti, 530, Jardim Fernandes, Suzano, SP",+55 114749 5936,,e918684a@educacao.sp.gov.br,,,,,https://www.google.com/maps/search/?api=1&query=Escola+Estadual+Professor+Masaiti+Sekine+Avenida+Itapeti%2C+530%2C+Jardim+Fernandes%2C+Suzano%2C+SP,,,sem informação,67,Prioridade Média,sem site encontrado na fonte publica; telefone localizado; e-mail localizado; redes sociais nao localizadas; operador: government; nota/avaliacoes Google nao coletadas nesta fonte
Escola Municipal Sérgio Simão,Escola,Escola,Suzano,Jardim Veran,"Rua Roberto Ferreira Ribas, 101, Jardim Veran, Suzano, SP",+55 11 4752 3858,,emsergio.simao@suzano.sp.gov.br,,,,,https://www.google.com/maps/search/?api=1&query=Escola+Municipal+S%C3%A9rgio+Sim%C3%A3o+Rua+Roberto+Ferreira+Ribas%2C+101%2C+Jardim+Veran%2C+Suzano%2C+SP,,,sem informação,67,Prioridade Média,sem site encontrado na fonte publica; telefone localizado; e-mail localizado; redes sociais nao localizadas; operador: government; nota/avaliacoes Google nao coletadas nesta fonte
Escola Estadual Batista Renzi,Escola,Escola,Suzano,Vila Figueira,"Rua Concórdia, 44, Vila Figueira, Suzano, SP",+55 11 4747 1166,,e035518a@educacao.sp.gov.br,,,,,https://www.google.com/maps/search/?api=1&query=Escola+Estadual+Batista+Renzi+Rua+Conc%C3%B3rdia%2C+44%2C+Vila+Figueira%2C+Suzano%2C+SP,,,sem informação,67,Prioridade Média,sem site encontrado na fonte publica; telefone localizado; e-mail localizado; redes sociais nao localizadas; operador: government; nota/avaliacoes Google nao coletadas nesta fonte
Escola Municipal José Braz Neto,Escola,Escola,Suzano,Jardim Quaresmeira I,"Rua Eunice Cerqueira Innocencio, 380, Jardim Quaresmeira I, Suzano, SP",+55 11 4751 2477,,emjose.braz@suzano.sp.gov.br,,,,,https://www.google.com/maps/search/?api=1&query=Escola+Municipal+Jos%C3%A9+Braz+Neto+Rua+Eunice+Cerqueira+Innocencio%2C+380%2C+Jardim+Quaresmeira+I%2C+Suzano%2C+SP,,,sem informação,67,Prioridade Média,sem site encontrado na fonte publica; telefone localizado; e-mail localizado; redes sociais nao localizadas; operador: government; nota/avaliacoes Google nao coletadas nesta fonte
Escola Municipal Lídia Lima da Silva,Escola,Escola,Suzano,Jardim Ikeda,"Rua Maria Aparecida da Silva Bezerra, 6230, Jardim Ikeda, Suzano, SP",+55 11 4747 0993,,emlidia.lima@suzano.sp.gov.br,,,,,https://www.google.com/maps/search/?api=1&query=Escola+Municipal+L%C3%ADdia+Lima+da+Silva+Rua+Maria+Aparecida+da+Silva+Bezerra%2C+6230%2C+Jardim+Ikeda%2C+Suzano%2C+SP,,,sem informação,67,Prioridade Média,sem site encontrado na fonte publica; telefone localizado; e-mail localizado; redes sociais nao localizadas; nota/avaliacoes Google nao coletadas nesta fonte
Escola Estadual Vereador Antônio Garcia,Escola,Escola,Suzano,Cidade Miguel Badra,"Rua Renato Alpino Della Latta, 168, Cidade Miguel Badra, Suzano, SP",+55 11 4749 8378,,e048884a@educacao.sp.gov.br,,,,,https://www.google.com/maps/search/?api=1&query=Escola+Estadual+Vereador+Ant%C3%B4nio+Garcia+Rua+Renato+Alpino+Della+Latta%2C+168%2C+Cidade+Miguel+Badra%2C+Suzano%2C+SP,,,sem informação,67,Prioridade Média,sem site encontrado na fonte publica; telefone localizado; e-mail localizado; redes sociais nao localizadas; operador: government; nota/avaliacoes Google nao coletadas nesta fonte
Escola Municipal Professora Célia Pereira de Lima,Escola,Escola,Suzano,Vila Urupês,"Rua Rio Grande do Norte, 90, Vila Urupês, Suzano, SP",+55 11 4748 4473,,emcelia.pereira@suzano.sp.gov.br,,,,,https://www.google.com/maps/search/?api=1&query=Escola+Municipal+Professora+C%C3%A9lia+Pereira+de+Lima+Rua+Rio+Grande+do+Norte%2C+90%2C+Vila+Urup%C3%AAs%2C+Suzano%2C+SP,,,sem informação,67,Prioridade Média,sem site encontrado na fonte publica; telefone localizado; e-mail localizado; redes sociais nao localizadas; nota/avaliacoes Google nao coletadas nesta fonte
Escola Municipal Elisabeth Ubeda Lopes Rodrigues,Escola,Escola,Suzano,Jardim Imperador,"Rua Maria de Lourdes Molina Vieira, 105, Jardim Imperador, Suzano, SP",+55 11 4744 4874,,emelisabeth.ubeda@suzano.sp.gov.br,,,,,https://www.google.com/maps/search/?api=1&query=Escola+Municipal+Elisabeth+Ubeda+Lopes+Rodrigues+Rua+Maria+de+Lourdes+Molina+Vieira%2C+105%2C+Jardim+Imperador%2C+Suzano%2C+SP,,,sem informação,67,Prioridade Média,sem site encontrado na fonte publica; telefone localizado; e-mail localizado; redes sociais nao localizadas; nota/avaliacoes Google nao coletadas nesta fonte
Escola Municipal Noêmia Santos Costa,Escola,Escola,Suzano,Jardim Ikeda,"Rua dos Cravos, 15, Jardim Ikeda, Suzano, SP",+55 11 4743 9675,,emnoemia.santos@suzano.sp.gov.br,,,,,https://www.google.com/maps/search/?api=1&query=Escola+Municipal+No%C3%AAmia+Santos+Costa+Rua+dos+Cravos%2C+15%2C+Jardim+Ikeda%2C+Suzano%2C+SP,,,sem informação,67,Prioridade Média,sem site encontrado na fonte publica; telefone localizado; e-mail localizado; redes sociais nao localizadas; nota/avaliacoes Google nao coletadas nesta fonte
Escola Municipal de Educação Infantil Arujá Unidade XV,Escola,Escola Infantil,Arujá,Jardim Nippon Club,"Avenida Dutra, 360, Jardim Nippon Club, Arujá, SP",+55 11 4652 5450,,em.emilia@aruja.sp.gov.br,,,,,https://www.google.com/maps/search/?api=1&query=Escola+Municipal+de+Educa%C3%A7%C3%A3o+Infantil+Aruj%C3%A1+Unidade+XV+Avenida+Dutra%2C+360%2C+Jardim+Nippon+Club%2C+Aruj%C3%A1%2C+SP,,,sem informação,67,Prioridade Média,sem site encontrado na fonte publica; telefone localizado; e-mail localizado; redes sociais nao localizadas; nota/avaliacoes Google nao coletadas nesta fonte
Escola Municipal de Educação Infantil Jole da Costa,Escola,Escola Infantil,Arujá,Vilar Pilar,"Rua Lícinio Rodreigues de Paiva, 14, Vilar Pilar, Arujá, SP",+55 11 46532800,,emeia3.arujaamerica@aruja.sp.gov.br,,,,,https://www.google.com/maps/search/?api=1&query=Escola+Municipal+de+Educa%C3%A7%C3%A3o+Infantil+Jole+da+Costa+Rua+L%C3%ADcinio+Rodreigues+de+Paiva%2C+14%2C+Vilar+Pilar%2C+Aruj%C3%A1%2C+SP,,,sem informação,67,Prioridade Média,sem site encontrado na fonte publica; telefone localizado; e-mail localizado; redes sociais nao localizadas; nota/avaliacoes Google nao coletadas nesta fonte
Escola Municipal de Educaçãi Infantil Arujá Unidade I,Escola,Escola Infantil,Arujá,Chácara São José,"Avenida Amazonas, 290, Chácara São José, Arujá, SP",+55 11 4652 1007,,emeia1.planalto@aruja.sp.gov.br,,,,,https://www.google.com/maps/search/?api=1&query=Escola+Municipal+de+Educa%C3%A7%C3%A3i+Infantil+Aruj%C3%A1+Unidade+I+Avenida+Amazonas%2C+290%2C+Ch%C3%A1cara+S%C3%A3o+Jos%C3%A9%2C+Aruj%C3%A1%2C+SP,,,sem informação,67,Prioridade Média,sem site encontrado na fonte publica; telefone localizado; e-mail localizado; redes sociais nao localizadas; nota/avaliacoes Google nao coletadas nesta fonte
Escola Municipal de Ensino Fundamental Professor Amadeu de Angelis,Escola,Escola,Arujá,Vilar Pilar,"Rua Inocêncio José Rodrigues, 95, Vilar Pilar, Arujá, SP",+55 11 4655 3777,,em.amadeu@aruja.sp.gov.br,,,,,https://www.google.com/maps/search/?api=1&query=Escola+Municipal+de+Ensino+Fundamental+Professor+Amadeu+de+Angelis+Rua+Inoc%C3%AAncio+Jos%C3%A9+Rodrigues%2C+95%2C+Vilar+Pilar%2C+Aruj%C3%A1%2C+SP,,,sem informação,67,Prioridade Média,sem site encontrado na fonte publica; telefone localizado; e-mail localizado; redes sociais nao localizadas; nota/avaliacoes Google nao coletadas nesta fonte
Escola Técnica Estadual Presidente Vargas,Escola,Escola,Mogi das Cruzes,Vila Ressaca,"Rua Adriano Francisco Sagaldi, 30, Vila Ressaca, Mogi das Cruzes, SP",+55 11 4799 7021,,e015acad@cps.sp.gov.br,,,,,https://www.google.com/maps/search/?api=1&query=Escola+T%C3%A9cnica+Estadual+Presidente+Vargas+Rua+Adriano+Francisco+Sagaldi%2C+30%2C+Vila+Ressaca%2C+Mogi+das+Cruzes%2C+SP,,,sem informação,67,Prioridade Média,sem site encontrado na fonte publica; telefone localizado; e-mail localizado; redes sociais nao localizadas; operador: public; nota/avaliacoes Google nao coletadas nesta fonte
Escola Técnica Estadual de Suzano,Escola,Escola,Suzano,Vila Urupês,"Rua Guilherme, 325, Vila Urupês, Suzano, SP",+55 11 4748 1732,,e.suzano.acad@centropaulasouza.sp.gov.br,,,,,https://www.google.com/maps/search/?api=1&query=Escola+T%C3%A9cnica+Estadual+de+Suzano+Rua+Guilherme%2C+325%2C+Vila+Urup%C3%AAs%2C+Suzano%2C+SP,,,sem informação,67,Prioridade Média,sem site encontrado na fonte publica; telefone localizado; e-mail localizado; redes sociais nao localizadas; operador: public; nota/avaliacoes Google nao coletadas nesta fonte
Hospital Santana,Saúde,Hospital,Mogi das Cruzes,Alto do Ipiranga,"Rua Doutor Osmar Marinho Couto, 71, Alto do Ipiranga, Mogi das Cruzes, SP",+55 11 4723 4000,,,https://www2.gndi.com.br/pt/hospitalsantana,,,,https://www.google.com/maps/search/?api=1&query=Hospital+Santana+Rua+Doutor+Osmar+Marinho+Couto%2C+71%2C+Alto+do+Ipiranga%2C+Mogi+das+Cruzes%2C+SP,,,sem informação,66,Prioridade Média,tem site; telefone localizado; redes sociais nao localizadas; nota/avaliacoes Google nao coletadas nesta fonte
Mogi-Mater Hospital e Maternidade,Saúde,Maternidade,Mogi das Cruzes,Centro,"Rua Marechal Deodoro, 83, Centro, Mogi das Cruzes, SP",+55 11 4799 0123,,,https://mogimater.com.br/,,,,https://www.google.com/maps/search/?api=1&query=Mogi-Mater+Hospital+e+Maternidade+Rua+Marechal+Deodoro%2C+83%2C+Centro%2C+Mogi+das+Cruzes%2C+SP,,,sem informação,66,Prioridade Média,tem site; telefone localizado; redes sociais nao localizadas; nota/avaliacoes Google nao coletadas nesta fonte
Hospital Stella Maris,Saúde,Hospital,Guarulhos,Itapegica,"Rua Maria Cândida Pereira, 549, Itapegica, Guarulhos, SP",+55 11 2423 8500,,,https://hospitalstellamaris.com.br/,,,,https://www.google.com/maps/search/?api=1&query=Hospital+Stella+Maris+Rua+Maria+C%C3%A2ndida+Pereira%2C+549%2C+Itapegica%2C+Guarulhos%2C+SP,,,sem informação,66,Prioridade Média,tem site; telefone localizado; redes sociais nao localizadas; nota/avaliacoes Google nao coletadas nesta fonte
Hospital Carlos Chagas,Saúde,Hospital,Guarulhos,Centro,"Rua Barão de Mauá, 100, Centro, Guarulhos, SP",+55 11 2463 5000;+55 11 2463 5100,,,https://www.hcc.com.br/,,,,https://www.google.com/maps/search/?api=1&query=Hospital+Carlos+Chagas+Rua+Bar%C3%A3o+de+Mau%C3%A1%2C+100%2C+Centro%2C+Guarulhos%2C+SP,,,sem informação,66,Prioridade Média,tem site; telefone localizado; redes sociais nao localizadas; nota/avaliacoes Google nao coletadas nesta fonte
Hospital Cruz Azul Ambulatório,Saúde,Hospital,Guarulhos,Vila Rio,"Avenida Salgado Filho, 3025, Vila Rio, Guarulhos, SP",+55 11 2458 8810,,,https://www.cruzazulsp.com.br/saude/ambulatorios-descentralizados/ambulatorio-guarulhos/,,,,https://www.google.com/maps/search/?api=1&query=Hospital+Cruz+Azul+Ambulat%C3%B3rio+Avenida+Salgado+Filho%2C+3025%2C+Vila+Rio%2C+Guarulhos%2C+SP,,,sem informação,66,Prioridade Média,tem site; telefone localizado; redes sociais nao localizadas; nota/avaliacoes Google nao coletadas nesta fonte
Hospital Municipal da Criança e do Adolescente,Saúde,Hospital,Guarulhos,Centro,"Rua José Maurício de Oliveira, 191, Centro, Guarulhos, SP",+55 11 2475 9690,,,http://www.redededefesadedireitos.com.br/assistencia-a-saude/hospital-municipal-da-crianca-e-do-adolescente/,,,,https://www.google.com/maps/search/?api=1&query=Hospital+Municipal+da+Crian%C3%A7a+e+do+Adolescente+Rua+Jos%C3%A9+Maur%C3%ADcio+de+Oliveira%2C+191%2C+Centro%2C+Guarulhos%2C+SP,,,sem informação,66,Prioridade Média,tem site; telefone localizado; redes sociais nao localizadas; operador: government; nota/avaliacoes Google nao coletadas nesta fonte
Hospital Geral Professor Doutor Waldemar de Carvalho Pinto Filho,Saúde,Hospital,Guarulhos,CECAP,"Alameda dos Lírios, 200, CECAP, Guarulhos, SP",+55 11 3466 1350,,,https://hgg.spdmafiliadas.org.br/,,,,https://www.google.com/maps/search/?api=1&query=Hospital+Geral+Professor+Doutor+Waldemar+de+Carvalho+Pinto+Filho+Alameda+dos+L%C3%ADrios%2C+200%2C+CECAP%2C+Guarulhos%2C+SP,,,sem informação,66,Prioridade Média,tem site; telefone localizado; redes sociais nao localizadas; nota/avaliacoes Google nao coletadas nesta fonte
Hospital Ipiranga - Unidade Avançada,Saúde,Hospital,Suzano,Vila Figueira,"Avenida Antônio Marques Figueira, 1927, Vila Figueira, Suzano, SP",+55 11 3004 3651,,,https://www.hospitaisipiranga.com.br/unidades-avancadas/hospital-ipiranga-mogi/suzano/,,,,https://www.google.com/maps/search/?api=1&query=Hospital+Ipiranga+-+Unidade+Avan%C3%A7ada+Avenida+Ant%C3%B4nio+Marques+Figueira%2C+1927%2C+Vila+Figueira%2C+Suzano%2C+SP,,,sem informação,66,Prioridade Média,tem site; telefone localizado; redes sociais nao localizadas; nota/avaliacoes Google nao coletadas nesta fonte
Colégio São Marcos,Escola,Colégio,Mogi das Cruzes,Vila Oliveira,"Avenida Laurinda Cardoso Mello Freire, 161, Vila Oliveira, Mogi das Cruzes, SP",+55 11 3996 8716,,,https://www.saomarcos.g12.br/,,,,https://www.google.com/maps/search/?api=1&query=Col%C3%A9gio+S%C3%A3o+Marcos+Avenida+Laurinda+Cardoso+Mello+Freire%2C+161%2C+Vila+Oliveira%2C+Mogi+das+Cruzes%2C+SP,,,sem informação,66,Prioridade Média,tem site; telefone localizado; redes sociais nao localizadas; nota/avaliacoes Google nao coletadas nesta fonte
Colégio Mello Dante,Escola,Colégio,Mogi das Cruzes,Centro Cívico,"Avenida Francisco Rodrigues Filho, 2075, Centro Cívico, Mogi das Cruzes, SP",+55 11 4699 2400,,,https://www.colegiomellodante.com.br/,,,,https://www.google.com/maps/search/?api=1&query=Col%C3%A9gio+Mello+Dante+Avenida+Francisco+Rodrigues+Filho%2C+2075%2C+Centro+C%C3%ADvico%2C+Mogi+das+Cruzes%2C+SP,,,sem informação,66,Prioridade Média,tem site; telefone localizado; redes sociais nao localizadas; nota/avaliacoes Google nao coletadas nesta fonte
Colégio Brasílis,Escola,Colégio,Mogi das Cruzes,Vila São Paulo,"Avenida Francisco Rodrigues Filho, 3900, Vila São Paulo, Mogi das Cruzes, SP",+55 11 4723 7070,,,https://colegiobrasilis.com.br/,,,,https://www.google.com/maps/search/?api=1&query=Col%C3%A9gio+Bras%C3%ADlis+Avenida+Francisco+Rodrigues+Filho%2C+3900%2C+Vila+S%C3%A3o+Paulo%2C+Mogi+das+Cruzes%2C+SP,,,sem informação,66,Prioridade Média,tem site; telefone localizado; redes sociais nao localizadas; nota/avaliacoes Google nao coletadas nesta fonte
Colégio Brasilis,Escola,Colégio,Mogi das Cruzes,Alto do Ipiranga,"Rua José Colela, 211, Alto do Ipiranga, Mogi das Cruzes, SP",+55 11 4723 8789,,,https://colegiobrasilis.com.br/,,,,https://www.google.com/maps/search/?api=1&query=Col%C3%A9gio+Brasilis+Rua+Jos%C3%A9+Colela%2C+211%2C+Alto+do+Ipiranga%2C+Mogi+das+Cruzes%2C+SP,,,sem informação,66,Prioridade Média,tem site; telefone localizado; redes sociais nao localizadas; nota/avaliacoes Google nao coletadas nesta fonte
Colégio Brasilis,Escola,Colégio,Mogi das Cruzes,Alto do Ipiranga,"Avenida Brás de Pina, 1125, Alto do Ipiranga, Mogi das Cruzes, SP",+55 11 4793 9100,,,https://colegiobrasilis.com.br/,,,,https://www.google.com/maps/search/?api=1&query=Col%C3%A9gio+Brasilis+Avenida+Br%C3%A1s+de+Pina%2C+1125%2C+Alto+do+Ipiranga%2C+Mogi+das+Cruzes%2C+SP,,,sem informação,66,Prioridade Média,tem site; telefone localizado; redes sociais nao localizadas; nota/avaliacoes Google nao coletadas nesta fonte
Faculdade de Tecnologia Mogi das Cruzes,Escola,Faculdade / Ensino Superior,Mogi das Cruzes,Rodeio,"Rua Carlos Barattino, 908, Rodeio, Mogi das Cruzes, SP",+55 11 4699 2799,,,https://fatecmogidascruzes.com.br/,,,,https://www.google.com/maps/search/?api=1&query=Faculdade+de+Tecnologia+Mogi+das+Cruzes+Rua+Carlos+Barattino%2C+908%2C+Rodeio%2C+Mogi+das+Cruzes%2C+SP,,,sem informação,66,Prioridade Média,tem site; telefone localizado; redes sociais nao localizadas; nota/avaliacoes Google nao coletadas nesta fonte
Colégio Eniac,Escola,Colégio,Guarulhos,Centro,"Rua Força Pública, 89, Centro, Guarulhos, SP",+55 11 2472 5500,,,https://www.eniac.com.br/,,,,https://www.google.com/maps/search/?api=1&query=Col%C3%A9gio+Eniac+Rua+For%C3%A7a+P%C3%BAblica%2C+89%2C+Centro%2C+Guarulhos%2C+SP,,,sem informação,66,Prioridade Média,tem site; telefone localizado; redes sociais nao localizadas; nota/avaliacoes Google nao coletadas nesta fonte
Hospital Ipiranga,Saúde,Hospital,Mogi das Cruzes,Alto do Ipiranga,"Rua Ipiranga, 797, Alto do Ipiranga, Mogi das Cruzes, SP",+55 11 4795 8600,,,,,,,https://www.google.com/maps/search/?api=1&query=Hospital+Ipiranga+Rua+Ipiranga%2C+797%2C+Alto+do+Ipiranga%2C+Mogi+das+Cruzes%2C+SP,,,sem informação,65,Prioridade Média,sem site encontrado na fonte publica; telefone localizado; redes sociais nao localizadas; nota/avaliacoes Google nao coletadas nesta fonte
Complexo Hospitalar da Unimed Guarulhos,Saúde,Hospital,Guarulhos,Macedo,"Rua Tabajara, 566, Macedo, Guarulhos, SP",+55 11 2464-4300,,,,,,,https://www.google.com/maps/search/?api=1&query=Complexo+Hospitalar+da+Unimed+Guarulhos+Rua+Tabajara%2C+566%2C+Macedo%2C+Guarulhos%2C+SP,,,sem informação,65,Prioridade Média,sem site encontrado na fonte publica; telefone localizado; redes sociais nao localizadas; nota/avaliacoes Google nao coletadas nesta fonte
Colégio Hermon,Escola,Colégio,Mogi das Cruzes,Taboão,"Estrada Yoneji Nakamura, Taboão, Mogi das Cruzes, SP",+55 11 4722 7814,,,,,,,https://www.google.com/maps/search/?api=1&query=Col%C3%A9gio+Hermon+Estrada+Yoneji+Nakamura%2C+Tabo%C3%A3o%2C+Mogi+das+Cruzes%2C+SP,,,sem informação,65,Prioridade Média,sem site encontrado na fonte publica; telefone localizado; redes sociais nao localizadas; nota/avaliacoes Google nao coletadas nesta fonte
Centro Médico HBC Saúde,Saúde,Clínica / Centro Médico,Guarulhos,Maia,"Avenida Salgado Filho, 422, Maia, Guarulhos, SP",+55 11 2442 3344,,,https://hbcsaude.com.br/,,,,https://www.google.com/maps/search/?api=1&query=Centro+M%C3%A9dico+HBC+Sa%C3%BAde+Avenida+Salgado+Filho%2C+422%2C+Maia%2C+Guarulhos%2C+SP,,,sem informação,62,Prioridade Média,tem site; telefone localizado; redes sociais nao localizadas; nota/avaliacoes Google nao coletadas nesta fonte
Vista Clínica,Saúde,Clínica,Suzano,Centro,"Rua Tiradentes, 68, Centro, Suzano, SP",+55 11 4742-9570; +55 11 4744-5088,,,http://www.vistaclinica.com.br/,,,,https://www.google.com/maps/search/?api=1&query=Vista+Cl%C3%ADnica+Rua+Tiradentes%2C+68%2C+Centro%2C+Suzano%2C+SP,,,sem informação,62,Prioridade Média,tem site; telefone localizado; redes sociais nao localizadas; nota/avaliacoes Google nao coletadas nesta fonte
Bonelli Suzano,Saúde,Clínica,Suzano,Centro,"Rua Campos Sales, 663, Centro, Suzano, SP",+55 11 4746 1653,,,http://www.portalsamed.com.br/,,,,https://www.google.com/maps/search/?api=1&query=Bonelli+Suzano+Rua+Campos+Sales%2C+663%2C+Centro%2C+Suzano%2C+SP,,,sem informação,62,Prioridade Média,tem site; telefone localizado; redes sociais nao localizadas; nota/avaliacoes Google nao coletadas nesta fonte
Unidade de Pronto Atendimento Judiapeba,Saúde,Pronto Atendimento / UPA,Mogi das Cruzes,Jundiapeba,"Rua Doutor Francisco Soares Marialva, Jundiapeba, Mogi das Cruzes, SP",+55 11 4798 5990,,,,,,,https://www.google.com/maps/search/?api=1&query=Unidade+de+Pronto+Atendimento+Judiapeba+Rua+Doutor+Francisco+Soares+Marialva%2C+Jundiapeba%2C+Mogi+das+Cruzes%2C+SP,,,sem informação,61,Prioridade Média,sem site encontrado na fonte publica; telefone localizado; redes sociais nao localizadas; nota/avaliacoes Google nao coletadas nesta fonte
Unidade de Pronto Atendimento - 24 horas- Cezar de Souza,Saúde,Pronto Atendimento / UPA,Mogi das Cruzes,Cezar de Souza,"Avenida Pedro Romero, Cezar de Souza, Mogi das Cruzes, SP",160,,,,,,,https://www.google.com/maps/search/?api=1&query=Unidade+de+Pronto+Atendimento+-+24+horas-+Cezar+de+Souza+Avenida+Pedro+Romero%2C+Cezar+de+Souza%2C+Mogi+das+Cruzes%2C+SP,,,sem informação,61,Prioridade Média,sem site encontrado na fonte publica; telefone localizado; redes sociais nao localizadas; nota/avaliacoes Google nao coletadas nesta fonte
Unidade de Pronto Atendimento II  - Oropó,Saúde,Pronto Atendimento / UPA,Mogi das Cruzes,Porteira Preta,"Avenida Kaouru Hiranatsu, 2390, Porteira Preta, Mogi das Cruzes, SP",160,,,,,,,https://www.google.com/maps/search/?api=1&query=Unidade+de+Pronto+Atendimento+II++-+Orop%C3%B3+Avenida+Kaouru+Hiranatsu%2C+2390%2C+Porteira+Preta%2C+Mogi+das+Cruzes%2C+SP,,,sem informação,61,Prioridade Média,sem site encontrado na fonte publica; telefone localizado; redes sociais nao localizadas; nota/avaliacoes Google nao coletadas nesta fonte
Unidade de Pronto Atendimento Paulista,Saúde,Pronto Atendimento / UPA,Guarulhos,Picanço,"Rua Teixeira Mendes, 166, Picanço, Guarulhos, SP",+55 11 2468 8480,,,,,,,https://www.google.com/maps/search/?api=1&query=Unidade+de+Pronto+Atendimento+Paulista+Rua+Teixeira+Mendes%2C+166%2C+Pican%C3%A7o%2C+Guarulhos%2C+SP,,,sem informação,61,Prioridade Média,sem site encontrado na fonte publica; telefone localizado; redes sociais nao localizadas; nota/avaliacoes Google nao coletadas nesta fonte
Unidade Pronto Atendimento Maria Dirce,Saúde,Pronto Atendimento / UPA,Guarulhos,Presidente Dutra,"Rua Ubatá, 154, Presidente Dutra, Guarulhos, SP",+55 11 2088 7400,,,,,,,https://www.google.com/maps/search/?api=1&query=Unidade+Pronto+Atendimento+Maria+Dirce+Rua+Ubat%C3%A1%2C+154%2C+Presidente+Dutra%2C+Guarulhos%2C+SP,,,sem informação,61,Prioridade Média,sem site encontrado na fonte publica; telefone localizado; redes sociais nao localizadas; nota/avaliacoes Google nao coletadas nesta fonte
UBS+UPA São João Lavras,Saúde,Pronto Atendimento / UPA,Guarulhos,São João,"Rodovia Juvenal Ponciano de Camargo, 4130, São João, Guarulhos, SP",+55 11 2229 2240,,,,,,,https://www.google.com/maps/search/?api=1&query=UBS%2BUPA+S%C3%A3o+Jo%C3%A3o+Lavras+Rodovia+Juvenal+Ponciano+de+Camargo%2C+4130%2C+S%C3%A3o+Jo%C3%A3o%2C+Guarulhos%2C+SP,,,sem informação,61,Prioridade Média,sem site encontrado na fonte publica; telefone localizado; redes sociais nao localizadas; operador: government; nota/avaliacoes Google nao coletadas nesta fonte
Unidade de Pronto Atendimento Sadako Sedoguti,Saúde,Pronto Atendimento / UPA,Itaquaquecetuba,Parque Residencial Scaffid II,"Rua dos Cajueiros, 453, Parque Residencial Scaffid II, Itaquaquecetuba, SP",+55 11 4647 0212,,,,,,,https://www.google.com/maps/search/?api=1&query=Unidade+de+Pronto+Atendimento+Sadako+Sedoguti+Rua+dos+Cajueiros%2C+453%2C+Parque+Residencial+Scaffid+II%2C+Itaquaquecetuba%2C+SP,,,sem informação,61,Prioridade Média,sem site encontrado na fonte publica; telefone localizado; redes sociais nao localizadas; nota/avaliacoes Google nao coletadas nesta fonte
Pronto Atendimento Antônio Tanoeiro,Saúde,Pronto Atendimento / UPA,Suzano,Vila Real Santista,"Rua Mussi Jorge Antônio, 319, Vila Real Santista, Suzano, SP",+55 11 4743 9311,,,,,,,https://www.google.com/maps/search/?api=1&query=Pronto+Atendimento+Ant%C3%B4nio+Tanoeiro+Rua+Mussi+Jorge+Ant%C3%B4nio%2C+319%2C+Vila+Real+Santista%2C+Suzano%2C+SP,,,sem informação,61,Prioridade Média,sem site encontrado na fonte publica; telefone localizado; redes sociais nao localizadas; nota/avaliacoes Google nao coletadas nesta fonte
Clínica Santa Catarina,Saúde,Clínica,Suzano,Centro,"Rua Dona Augusta Aparecida de Carvalho Moraes, 50, Centro, Suzano, SP",+55 11 4741 9000,,,,,,,https://www.google.com/maps/search/?api=1&query=Cl%C3%ADnica+Santa+Catarina+Rua+Dona+Augusta+Aparecida+de+Carvalho+Moraes%2C+50%2C+Centro%2C+Suzano%2C+SP,,,sem informação,61,Prioridade Média,sem site encontrado na fonte publica; telefone localizado; redes sociais nao localizadas; nota/avaliacoes Google nao coletadas nesta fonte
Unidade de Saúde da Família Barreto Arujá,Saúde,Clínica,Arujá,Centro Residencial,"Rua Pedro Severino Martins, 231, Centro Residencial, Arujá, SP",+55 11 4655 4010,,,,,,,https://www.google.com/maps/search/?api=1&query=Unidade+de+Sa%C3%BAde+da+Fam%C3%ADlia+Barreto+Aruj%C3%A1+Rua+Pedro+Severino+Martins%2C+231%2C+Centro+Residencial%2C+Aruj%C3%A1%2C+SP,,,sem informação,61,Prioridade Média,sem site encontrado na fonte publica; telefone localizado; redes sociais nao localizadas; nota/avaliacoes Google nao coletadas nesta fonte
Unidade Básica de Saúde Nova Arujá,Saúde,Clínica,Arujá,Portão,"Avenida São Lucas, 310, Portão, Arujá, SP",+55 11 4653 2068,,,,,,,https://www.google.com/maps/search/?api=1&query=Unidade+B%C3%A1sica+de+Sa%C3%BAde+Nova+Aruj%C3%A1+Avenida+S%C3%A3o+Lucas%2C+310%2C+Port%C3%A3o%2C+Aruj%C3%A1%2C+SP,,,sem informação,61,Prioridade Média,sem site encontrado na fonte publica; telefone localizado; redes sociais nao localizadas; nota/avaliacoes Google nao coletadas nesta fonte
Escola Senai Hermenegildo Campos Almeida,Escola,Escola,Guarulhos,Maia,"Avenida Doutor Renato de Andrade Maia, 601, Maia, Guarulhos, SP",+55 11 2461 6750,,,https://guarulhos.sp.senai.br/,,,,https://www.google.com/maps/search/?api=1&query=Escola+Senai+Hermenegildo+Campos+Almeida+Avenida+Doutor+Renato+de+Andrade+Maia%2C+601%2C+Maia%2C+Guarulhos%2C+SP,,,sem informação,58,Prioridade Média,tem site; telefone localizado; redes sociais nao localizadas; nota/avaliacoes Google nao coletadas nesta fonte
Escola Estadual Clarice Lispector,Escola,Escola,Guarulhos,Torres Tibagy,"Rua Miguel Biondi, 222, Torres Tibagy, Guarulhos, SP",+55 11 2459-2627,,,https://www.educacao.sp.gov.br/cgrh/escolas/clarice-lispector/,,,,https://www.google.com/maps/search/?api=1&query=Escola+Estadual+Clarice+Lispector+Rua+Miguel+Biondi%2C+222%2C+Torres+Tibagy%2C+Guarulhos%2C+SP,,,sem informação,58,Prioridade Média,tem site; telefone localizado; redes sociais nao localizadas; operador: government; nota/avaliacoes Google nao coletadas nesta fonte
"Instituto Federal de Educação, Ciência e Tecnologia de São Paulo - Campus Guarulhos",Escola,Escola,Guarulhos,Vila Rio,"Avenida Salgado Filho, 3501, Vila Rio, Guarulhos, SP",+55 11 2304 4251,,,http://portal.ifspguarulhos.edu.br/,,,,https://www.google.com/maps/search/?api=1&query=Instituto+Federal+de+Educa%C3%A7%C3%A3o%2C+Ci%C3%AAncia+e+Tecnologia+de+S%C3%A3o+Paulo+-+Campus+Guarulhos+Avenida+Salgado+Filho%2C+3501%2C+Vila+Rio%2C+Guarulhos%2C+SP,,,sem informação,58,Prioridade Média,tem site; telefone localizado; redes sociais nao localizadas; nota/avaliacoes Google nao coletadas nesta fonte
Escola Municipal de Ensino Fundamental Professora Maria Luiza Menezes de Fonseca,Escola,Escola,Mogi das Cruzes,Vila Nova Estação,"Rua Professor Sussumu Mori, 40, Vila Nova Estação, Mogi das Cruzes, SP",+55 11 4722 9372,,,,,,,https://www.google.com/maps/search/?api=1&query=Escola+Municipal+de+Ensino+Fundamental+Professora+Maria+Luiza+Menezes+de+Fonseca+Rua+Professor+Sussumu+Mori%2C+40%2C+Vila+Nova+Esta%C3%A7%C3%A3o%2C+Mogi+das+Cruzes%2C+SP,,,sem informação,57,Prioridade Média,sem site encontrado na fonte publica; telefone localizado; redes sociais nao localizadas; nota/avaliacoes Google nao coletadas nesta fonte
Escola da Prefeitura de Guarulhos Professora Nadja Maria Seabra Santos,Escola,Escola,Guarulhos,Jardim Vila Galvão,"Rua Crissiumal, 61, Jardim Vila Galvão, Guarulhos, SP",+55 11 2455 3809,,,,,,,https://www.google.com/maps/search/?api=1&query=Escola+da+Prefeitura+de+Guarulhos+Professora+Nadja+Maria+Seabra+Santos+Rua+Crissiumal%2C+61%2C+Jardim+Vila+Galv%C3%A3o%2C+Guarulhos%2C+SP,,,sem informação,57,Prioridade Média,sem site encontrado na fonte publica; telefone localizado; redes sociais nao localizadas; operador: government; nota/avaliacoes Google nao coletadas nesta fonte
Escola da Prefeitura de Guarulhos Tia Nástacia,Escola,Escola,Guarulhos,Paraventi,"Rua Villa-Lobos, 74, Paraventi, Guarulhos, SP",+55 11 2475 2336,,,,,,,https://www.google.com/maps/search/?api=1&query=Escola+da+Prefeitura+de+Guarulhos+Tia+N%C3%A1stacia+Rua+Villa-Lobos%2C+74%2C+Paraventi%2C+Guarulhos%2C+SP,,,sem informação,57,Prioridade Média,sem site encontrado na fonte publica; telefone localizado; redes sociais nao localizadas; nota/avaliacoes Google nao coletadas nesta fonte
Escola da Prefeitura de Guarulhos Moreira Mattos,Escola,Escola,Guarulhos,Vila Galvão,"Rua Vitorino Freire, 201, Vila Galvão, Guarulhos, SP",+55 11 2451 8936,,,,,,,https://www.google.com/maps/search/?api=1&query=Escola+da+Prefeitura+de+Guarulhos+Moreira+Mattos+Rua+Vitorino+Freire%2C+201%2C+Vila+Galv%C3%A3o%2C+Guarulhos%2C+SP,,,sem informação,57,Prioridade Média,sem site encontrado na fonte publica; telefone localizado; redes sociais nao localizadas; operador: government; nota/avaliacoes Google nao coletadas nesta fonte
Escola da Prefeitura de Guarulhos Sitio do Pica Pau Amarelo,Escola,Escola,Guarulhos,Cocaia,"Avenida Brigadeiro Faria Lima, 1846, Cocaia, Guarulhos, SP",+55 11 2402 4840,,,,,,,https://www.google.com/maps/search/?api=1&query=Escola+da+Prefeitura+de+Guarulhos+Sitio+do+Pica+Pau+Amarelo+Avenida+Brigadeiro+Faria+Lima%2C+1846%2C+Cocaia%2C+Guarulhos%2C+SP,,,sem informação,57,Prioridade Média,sem site encontrado na fonte publica; telefone localizado; redes sociais nao localizadas; operador: government; nota/avaliacoes Google nao coletadas nesta fonte
Escola Estadual Capitão Alberto Helena Junior,Escola,Escola,Guarulhos,Jardim Vila Galvão,"Praça Nossa Senhora Aparecida, 125, Jardim Vila Galvão, Guarulhos, SP",+55 11 2452 5335,,,,,,,https://www.google.com/maps/search/?api=1&query=Escola+Estadual+Capit%C3%A3o+Alberto+Helena+Junior+Pra%C3%A7a+Nossa+Senhora+Aparecida%2C+125%2C+Jardim+Vila+Galv%C3%A3o%2C+Guarulhos%2C+SP,,,sem informação,57,Prioridade Média,sem site encontrado na fonte publica; telefone localizado; redes sociais nao localizadas; nota/avaliacoes Google nao coletadas nesta fonte
Centro Municipal de Educação Infantil Patrícia Galvão - Pagú,Escola,Escola Infantil,Guarulhos,Cabuçu,"Rua Natalina de Melo Gouveia Norkivicius, Cabuçu, Guarulhos, SP",+55 11 2456 7844,,,,,,,https://www.google.com/maps/search/?api=1&query=Centro+Municipal+de+Educa%C3%A7%C3%A3o+Infantil+Patr%C3%ADcia+Galv%C3%A3o+-+Pag%C3%BA+Rua+Natalina+de+Melo+Gouveia+Norkivicius%2C+Cabu%C3%A7u%2C+Guarulhos%2C+SP,,,sem informação,57,Prioridade Média,sem site encontrado na fonte publica; telefone localizado; redes sociais nao localizadas; nota/avaliacoes Google nao coletadas nesta fonte
Escola Técnica Itaquaquecetuna,Escola,Escola,Itaquaquecetuba,Santa Tereza,"Rua Jerusalém, 866, Santa Tereza, Itaquaquecetuba, SP",+55 11 4642 5544,,,,,,,https://www.google.com/maps/search/?api=1&query=Escola+T%C3%A9cnica+Itaquaquecetuna+Rua+Jerusal%C3%A9m%2C+866%2C+Santa+Tereza%2C+Itaquaquecetuba%2C+SP,,,sem informação,57,Prioridade Média,sem site encontrado na fonte publica; telefone localizado; redes sociais nao localizadas; operador: government; nota/avaliacoes Google nao coletadas nesta fonte
Escola Municipal José Marinho Ferreira,Escola,Escola,Itaquaquecetuba,Centro,"Rua Vital Brasil, 130, Centro, Itaquaquecetuba, SP",+55 11 4642 6435,,,,,,,https://www.google.com/maps/search/?api=1&query=Escola+Municipal+Jos%C3%A9+Marinho+Ferreira+Rua+Vital+Brasil%2C+130%2C+Centro%2C+Itaquaquecetuba%2C+SP,,,sem informação,57,Prioridade Média,sem site encontrado na fonte publica; telefone localizado; redes sociais nao localizadas; nota/avaliacoes Google nao coletadas nesta fonte
Escola Municipal Professor Ruy Ferreira Guimarães,Escola,Escola,Suzano,Pedreira,"Rua Antônio Célso Borges, 25, Pedreira, Suzano, SP",+55 11 4749 3518,,,,,,,https://www.google.com/maps/search/?api=1&query=Escola+Municipal+Professor+Ruy+Ferreira+Guimar%C3%A3es+Rua+Ant%C3%B4nio+C%C3%A9lso+Borges%2C+25%2C+Pedreira%2C+Suzano%2C+SP,,,sem informação,57,Prioridade Média,sem site encontrado na fonte publica; telefone localizado; redes sociais nao localizadas; operador: government; nota/avaliacoes Google nao coletadas nesta fonte
Escola Municipal Professor Antônio Maschietto,Escola,Escola,Suzano,Jardim Dona Benta,"Rua Vicente Scálice, 453, Jardim Dona Benta, Suzano, SP",+55 11 4749 7324,,,,,,,https://www.google.com/maps/search/?api=1&query=Escola+Municipal+Professor+Ant%C3%B4nio+Maschietto+Rua+Vicente+Sc%C3%A1lice%2C+453%2C+Jardim+Dona+Benta%2C+Suzano%2C+SP,,,sem informação,57,Prioridade Média,sem site encontrado na fonte publica; telefone localizado; redes sociais nao localizadas; operador: government; nota/avaliacoes Google nao coletadas nesta fonte
Escola Municipal Professor Cláudio José Rodrigues,Escola,Escola,Suzano,Vila Urupês,"Rua Conde Domingos Papaiz, 103, Vila Urupês, Suzano, SP",+55 11 4744 5462,,,,,,,https://www.google.com/maps/search/?api=1&query=Escola+Municipal+Professor+Cl%C3%A1udio+Jos%C3%A9+Rodrigues+Rua+Conde+Domingos+Papaiz%2C+103%2C+Vila+Urup%C3%AAs%2C+Suzano%2C+SP,,,sem informação,57,Prioridade Média,sem site encontrado na fonte publica; telefone localizado; redes sociais nao localizadas; nota/avaliacoes Google nao coletadas nesta fonte
Escola Municipal de Educação Infantil Aruja Unidade IV,Escola,Escola Infantil,Arujá,Parque Rodrigo Barreto,"Rua Deolinda Rosa dos Santos, 115, Parque Rodrigo Barreto, Arujá, SP",+55 11 4654 2805,,,,,,,https://www.google.com/maps/search/?api=1&query=Escola+Municipal+de+Educa%C3%A7%C3%A3o+Infantil+Aruja+Unidade+IV+Rua+Deolinda+Rosa+dos+Santos%2C+115%2C+Parque+Rodrigo+Barreto%2C+Aruj%C3%A1%2C+SP,,,sem informação,57,Prioridade Média,sem site encontrado na fonte publica; telefone localizado; redes sociais nao localizadas; nota/avaliacoes Google nao coletadas nesta fonte
Escola Municipal de Educação Infantil Unidade XI,Escola,Escola Infantil,Arujá,Jardim Fazenda do Rincão,"Rua Nossa Senhora Aparecida, 255, Jardim Fazenda do Rincão, Arujá, SP",+55 11 4653 2777,,,,,,,https://www.google.com/maps/search/?api=1&query=Escola+Municipal+de+Educa%C3%A7%C3%A3o+Infantil+Unidade+XI+Rua+Nossa+Senhora+Aparecida%2C+255%2C+Jardim+Fazenda+do+Rinc%C3%A3o%2C+Aruj%C3%A1%2C+SP,,,sem informação,57,Prioridade Média,sem site encontrado na fonte publica; telefone localizado; redes sociais nao localizadas; nota/avaliacoes Google nao coletadas nesta fonte
Escola Técnica Itaquaquecetuna,Escola,Escola,Itaquaquecetuba,Santa Tereza,"Rua Cambará Orli, 866, Santa Tereza, Itaquaquecetuba, SP",+55 11 4642 5544,,,,,,,https://www.google.com/maps/search/?api=1&query=Escola+T%C3%A9cnica+Itaquaquecetuna+Rua+Cambar%C3%A1+Orli%2C+866%2C+Santa+Tereza%2C+Itaquaquecetuba%2C+SP,,,sem informação,57,Prioridade Média,sem site encontrado na fonte publica; telefone localizado; redes sociais nao localizadas; operador: government; nota/avaliacoes Google nao coletadas nesta fonte
Escola Técnica Gino Rezaghi,Escola,Escola,Arujá,Colina Maria Luiza,"Avenida Arujá, 175, Colina Maria Luiza, Arujá, SP",+55 11 4447 3600,,,,,,,https://www.google.com/maps/search/?api=1&query=Escola+T%C3%A9cnica+Gino+Rezaghi+Avenida+Aruj%C3%A1%2C+175%2C+Colina+Maria+Luiza%2C+Aruj%C3%A1%2C+SP,,,sem informação,57,Prioridade Média,sem site encontrado na fonte publica; telefone localizado; redes sociais nao localizadas; operador: government; nota/avaliacoes Google nao coletadas nesta fonte
Athenas Instituto de Educação,Escola,Escola,Arujá,Vilar Pilar,"Praça Narciso José Lopes, Vilar Pilar, Arujá, SP",+55 11 4655 3635,,,,,,,https://www.google.com/maps/search/?api=1&query=Athenas+Instituto+de+Educa%C3%A7%C3%A3o+Pra%C3%A7a+Narciso+Jos%C3%A9+Lopes%2C+Vilar+Pilar%2C+Aruj%C3%A1%2C+SP,,,sem informação,57,Prioridade Média,sem site encontrado na fonte publica; telefone localizado; redes sociais nao localizadas; nota/avaliacoes Google nao coletadas nesta fonte
Faculdade ENIAC,Escola,Faculdade / Ensino Superior,Guarulhos,Centro,"Rua Força Pública, 89, Centro, Guarulhos, SP",,,,https://www.eniac.com.br/,,,,https://www.google.com/maps/search/?api=1&query=Faculdade+ENIAC+Rua+For%C3%A7a+P%C3%BAblica%2C+89%2C+Centro%2C+Guarulhos%2C+SP,,,sem informação,56,Prioridade Média,tem site; redes sociais nao localizadas; operador: private; nota/avaliacoes Google nao coletadas nesta fonte
Hospital e Maternidade Ipiranga Arujá,Saúde,Maternidade,Arujá,Centro,"Rua Melvin Jones, 208, Centro, Arujá, SP",,,,https://www.hospitaisipiranga.com.br/unidades-avancadas/hospital-e-maternidade-ipiranga-aruja/aruja/,,,,https://www.google.com/maps/search/?api=1&query=Hospital+e+Maternidade+Ipiranga+Aruj%C3%A1+Rua+Melvin+Jones%2C+208%2C+Centro%2C+Aruj%C3%A1%2C+SP,,,sem informação,48,Prioridade Baixa,tem site; redes sociais nao localizadas; nota/avaliacoes Google nao coletadas nesta fonte
Colégio Augusto Ruschi,Escola,Colégio,Guarulhos,Torres Tibagy,"Rua Soldado Jair da Silva Tavares, Torres Tibagy, Guarulhos, SP",,,,https://colegioaugustoruschi.com.br/,,,,https://www.google.com/maps/search/?api=1&query=Col%C3%A9gio+Augusto+Ruschi+Rua+Soldado+Jair+da+Silva+Tavares%2C+Torres+Tibagy%2C+Guarulhos%2C+SP,,,sem informação,48,Prioridade Baixa,tem site; redes sociais nao localizadas; nota/avaliacoes Google nao coletadas nesta fonte
Clínica Individuar,Saúde,Hospital,Guarulhos,Centro,"Rua Carlos Leal Evans, 81, Centro, Guarulhos, SP",,,,,,,,https://www.google.com/maps/search/?api=1&query=Cl%C3%ADnica+Individuar+Rua+Carlos+Leal+Evans%2C+81%2C+Centro%2C+Guarulhos%2C+SP,,,sem informação,47,Prioridade Baixa,sem site encontrado na fonte publica; redes sociais nao localizadas; operador: private; nota/avaliacoes Google nao coletadas nesta fonte
Clinica Médica São João,Saúde,Clínica,Guarulhos,São João,"Rua Lagoa de Dentro, 74, São João, Guarulhos, SP",,,,,,,,https://www.google.com/maps/search/?api=1&query=Clinica+M%C3%A9dica+S%C3%A3o+Jo%C3%A3o+Rua+Lagoa+de+Dentro%2C+74%2C+S%C3%A3o+Jo%C3%A3o%2C+Guarulhos%2C+SP,,,sem informação,43,Prioridade Baixa,sem site encontrado na fonte publica; redes sociais nao localizadas; operador: private; nota/avaliacoes Google nao coletadas nesta fonte
Clínica Multidisciplinar EstimulAção,Saúde,Clínica,Guarulhos,Centro,"Rua Carmela Lamberga Thomeo, 32, Centro, Guarulhos, SP",,,,,,,,https://www.google.com/maps/search/?api=1&query=Cl%C3%ADnica+Multidisciplinar+EstimulA%C3%A7%C3%A3o+Rua+Carmela+Lamberga+Thomeo%2C+32%2C+Centro%2C+Guarulhos%2C+SP,,,sem informação,43,Prioridade Baixa,sem site encontrado na fonte publica; redes sociais nao localizadas; operador: private; nota/avaliacoes Google nao coletadas nesta fonte
Escola Municipal João Antonio Batalha,Escola,Escola,Mogi das Cruzes,Chacára dos Baianos,"Estrada Particular Suzuki, 118, Chacára dos Baianos, Mogi das Cruzes, SP",,,em.antonio@se-pmmc.com.br,,,,,https://www.google.com/maps/search/?api=1&query=Escola+Municipal+Jo%C3%A3o+Antonio+Batalha+Estrada+Particular+Suzuki%2C+118%2C+Chac%C3%A1ra+dos+Baianos%2C+Mogi+das+Cruzes%2C+SP,,,sem informação,41,Prioridade Baixa,sem site encontrado na fonte publica; e-mail localizado; redes sociais nao localizadas; nota/avaliacoes Google nao coletadas nesta fonte
Escola Estadual Professor José Benedito Leite Bartholomei,Escola,Escola,Suzano,Pedreira,"Rua Paulo Ernani Braga do Nascimento, 61, Pedreira, Suzano, SP",,,e908472a@educacao.sp.gov.br,,,,,https://www.google.com/maps/search/?api=1&query=Escola+Estadual+Professor+Jos%C3%A9+Benedito+Leite+Bartholomei+Rua+Paulo+Ernani+Braga+do+Nascimento%2C+61%2C+Pedreira%2C+Suzano%2C+SP,,,sem informação,41,Prioridade Baixa,sem site encontrado na fonte publica; e-mail localizado; redes sociais nao localizadas; operador: government; nota/avaliacoes Google nao coletadas nesta fonte
Centro de Aendemente Sócio-Eucacional ao Adolescente de Arujá,Escola,Escola,Arujá,São Bento,"Rua Calogero Rapê, São Bento, Arujá, SP",,,e006476a@educacao.sp.gov.br,,,,,https://www.google.com/maps/search/?api=1&query=Centro+de+Aendemente+S%C3%B3cio-Eucacional+ao+Adolescente+de+Aruj%C3%A1+Rua+Calogero+Rap%C3%AA%2C+S%C3%A3o+Bento%2C+Aruj%C3%A1%2C+SP,,,sem informação,41,Prioridade Baixa,sem site encontrado na fonte publica; e-mail localizado; redes sociais nao localizadas; operador: government; nota/avaliacoes Google nao coletadas nesta fonte
Centro Educacional Unificado Rosa de França,Escola,Centro Educacional,Guarulhos,Vila Galvão,"Rua Sergipe, Vila Galvão, Guarulhos, SP",,,,http://portaleducacao.guarulhos.sp.gov.br/ite/ceu/index.php?p=12&unidade=508,,,,https://www.google.com/maps/search/?api=1&query=Centro+Educacional+Unificado+Rosa+de+Fran%C3%A7a+Rua+Sergipe%2C+Vila+Galv%C3%A3o%2C+Guarulhos%2C+SP,,,sem informação,40,Prioridade Baixa,tem site; redes sociais nao localizadas; nota/avaliacoes Google nao coletadas nesta fonte
Centro Educacional Unificado Jardim Presidente Dutra,Escola,Centro Educacional,Guarulhos,Presidente Dutra,"Avenida João Bassi, Presidente Dutra, Guarulhos, SP",,,,http://portaleducacao.guarulhos.sp.gov.br/ite/ceu/index.php?p=12&unidade=499,,,,https://www.google.com/maps/search/?api=1&query=Centro+Educacional+Unificado+Jardim+Presidente+Dutra+Avenida+Jo%C3%A3o+Bassi%2C+Presidente+Dutra%2C+Guarulhos%2C+SP,,,sem informação,40,Prioridade Baixa,tem site; redes sociais nao localizadas; nota/avaliacoes Google nao coletadas nesta fonte
Centro Educacional Unificado  Ottawa Uirapuru,Escola,Centro Educacional,Guarulhos,Cumbica,"Avenida Morada Nova, Cumbica, Guarulhos, SP",,,,http://portaleducacao.guarulhos.sp.gov.br/ite/ceu/index.php?p=12&unidade=505,,,,https://www.google.com/maps/search/?api=1&query=Centro+Educacional+Unificado++Ottawa+Uirapuru+Avenida+Morada+Nova%2C+Cumbica%2C+Guarulhos%2C+SP,,,sem informação,40,Prioridade Baixa,tem site; redes sociais nao localizadas; operador: government; nota/avaliacoes Google nao coletadas nesta fonte
Centro Educacional SESI,Escola,Centro Educacional,Mogi das Cruzes,Jardim São Pedro,"Avenida João XXIII, 3050, Jardim São Pedro, Mogi das Cruzes, SP",,,,,,,,https://www.google.com/maps/search/?api=1&query=Centro+Educacional+SESI+Avenida+Jo%C3%A3o+XXIII%2C+3050%2C+Jardim+S%C3%A3o+Pedro%2C+Mogi+das+Cruzes%2C+SP,,,sem informação,39,Prioridade Baixa,sem site encontrado na fonte publica; redes sociais nao localizadas; nota/avaliacoes Google nao coletadas nesta fonte
Estrada Hospital Doutor Arnaldo,Saúde,Hospital,Mogi das Cruzes,Chacára dos Baianos,"Estrada Hospital Doutor Arnaldo, Chacára dos Baianos, Mogi das Cruzes, SP",,,,,,,,https://www.google.com/maps/search/?api=1&query=Estrada+Hospital+Doutor+Arnaldo+Estrada+Hospital+Doutor+Arnaldo%2C+Chac%C3%A1ra+dos+Baianos%2C+Mogi+das+Cruzes%2C+SP,,,sem informação,39,Prioridade Baixa,sem site encontrado na fonte publica; redes sociais nao localizadas; nota/avaliacoes Google nao coletadas nesta fonte
Unidade Avançada Hospital Ipiranga,Saúde,Hospital,Mogi das Cruzes,Alto do Ipiranga,"Rua Ipiranga, 876, Alto do Ipiranga, Mogi das Cruzes, SP",,,,,,,,https://www.google.com/maps/search/?api=1&query=Unidade+Avan%C3%A7ada+Hospital+Ipiranga+Rua+Ipiranga%2C+876%2C+Alto+do+Ipiranga%2C+Mogi+das+Cruzes%2C+SP,,,sem informação,39,Prioridade Baixa,sem site encontrado na fonte publica; redes sociais nao localizadas; nota/avaliacoes Google nao coletadas nesta fonte
HMU - Hospital Municipal de Urgências,Saúde,Hospital,Guarulhos,Bom Clima,"Avenida Tiradentes, 3392, Bom Clima, Guarulhos, SP",,,,,,,,https://www.google.com/maps/search/?api=1&query=HMU+-+Hospital+Municipal+de+Urg%C3%AAncias+Avenida+Tiradentes%2C+3392%2C+Bom+Clima%2C+Guarulhos%2C+SP,,,sem informação,39,Prioridade Baixa,sem site encontrado na fonte publica; redes sociais nao localizadas; nota/avaliacoes Google nao coletadas nesta fonte
Parada Hospital Municipal de Urgências (H.M.U),Saúde,Hospital,Guarulhos,Bom Clima,"Avenida Tiradentes, 3392, Bom Clima, Guarulhos, SP",,,,,,,,https://www.google.com/maps/search/?api=1&query=Parada+Hospital+Municipal+de+Urg%C3%AAncias+%28H.M.U%29+Avenida+Tiradentes%2C+3392%2C+Bom+Clima%2C+Guarulhos%2C+SP,,,sem informação,39,Prioridade Baixa,sem site encontrado na fonte publica; redes sociais nao localizadas; nota/avaliacoes Google nao coletadas nesta fonte
Hospital Maternidade Jesus José e Maria,Saúde,Maternidade,Guarulhos,Maia,"Avenida Doutor Renato de Andrade Maia, 1337, Maia, Guarulhos, SP",,,,,,,,https://www.google.com/maps/search/?api=1&query=Hospital+Maternidade+Jesus+Jos%C3%A9+e+Maria+Avenida+Doutor+Renato+de+Andrade+Maia%2C+1337%2C+Maia%2C+Guarulhos%2C+SP,,,sem informação,39,Prioridade Baixa,sem site encontrado na fonte publica; redes sociais nao localizadas; nota/avaliacoes Google nao coletadas nesta fonte
Hospital Unimed Guarulhos,Saúde,Hospital,Guarulhos,Centro,"Rua Conceição, Centro, Guarulhos, SP",,,,,,,,https://www.google.com/maps/search/?api=1&query=Hospital+Unimed+Guarulhos+Rua+Concei%C3%A7%C3%A3o%2C+Centro%2C+Guarulhos%2C+SP,,,sem informação,39,Prioridade Baixa,sem site encontrado na fonte publica; redes sociais nao localizadas; nota/avaliacoes Google nao coletadas nesta fonte
Hospital Carlos Chagas,Saúde,Hospital,Guarulhos,Centro,"Ladeira Campos Sales, Centro, Guarulhos, SP",,,,,,,,https://www.google.com/maps/search/?api=1&query=Hospital+Carlos+Chagas+Ladeira+Campos+Sales%2C+Centro%2C+Guarulhos%2C+SP,,,sem informação,39,Prioridade Baixa,sem site encontrado na fonte publica; redes sociais nao localizadas; nota/avaliacoes Google nao coletadas nesta fonte
Casa de Saúde de Guarulhos,Saúde,Hospital,Guarulhos,Vila Augusta,"Rua Dona Antônia, Vila Augusta, Guarulhos, SP",,,,,,,,https://www.google.com/maps/search/?api=1&query=Casa+de+Sa%C3%BAde+de+Guarulhos+Rua+Dona+Ant%C3%B4nia%2C+Vila+Augusta%2C+Guarulhos%2C+SP,,,sem informação,39,Prioridade Baixa,sem site encontrado na fonte publica; redes sociais nao localizadas; nota/avaliacoes Google nao coletadas nesta fonte
Ponto de Integração Hospital  Santa Marcelina (B/C),Saúde,Hospital,Itaquaquecetuba,Vila Japão,"Rodovia Alberto Hinoto, Vila Japão, Itaquaquecetuba, SP",,,,,,,,https://www.google.com/maps/search/?api=1&query=Ponto+de+Integra%C3%A7%C3%A3o+Hospital++Santa+Marcelina+%28B%2FC%29+Rodovia+Alberto+Hinoto%2C+Vila+Jap%C3%A3o%2C+Itaquaquecetuba%2C+SP,,,sem informação,39,Prioridade Baixa,sem site encontrado na fonte publica; redes sociais nao localizadas; nota/avaliacoes Google nao coletadas nesta fonte
Hospital Regional de Suzano,Saúde,Hospital,Suzano,Jardim Márcia,"Rua Sete de Setembro, Jardim Márcia, Suzano, SP",,,,,,,,https://www.google.com/maps/search/?api=1&query=Hospital+Regional+de+Suzano+Rua+Sete+de+Setembro%2C+Jardim+M%C3%A1rcia%2C+Suzano%2C+SP,,,sem informação,39,Prioridade Baixa,sem site encontrado na fonte publica; redes sociais nao localizadas; nota/avaliacoes Google nao coletadas nesta fonte
Parada Hospital Saint Nicholas,Saúde,Hospital,Suzano,Centro,"Avenida Antônio Marques Figueira, Centro, Suzano, SP",,,,,,,,https://www.google.com/maps/search/?api=1&query=Parada+Hospital+Saint+Nicholas+Avenida+Ant%C3%B4nio+Marques+Figueira%2C+Centro%2C+Suzano%2C+SP,,,sem informação,39,Prioridade Baixa,sem site encontrado na fonte publica; redes sociais nao localizadas; nota/avaliacoes Google nao coletadas nesta fonte
Santa Casa de Misericórdia de Suzano,Saúde,Hospital,Suzano,Vila Figueira,"Rua Francisco Felisberto Filho, Vila Figueira, Suzano, SP",,,,,,,,https://www.google.com/maps/search/?api=1&query=Santa+Casa+de+Miseric%C3%B3rdia+de+Suzano+Rua+Francisco+Felisberto+Filho%2C+Vila+Figueira%2C+Suzano%2C+SP,,,sem informação,39,Prioridade Baixa,sem site encontrado na fonte publica; redes sociais nao localizadas; nota/avaliacoes Google nao coletadas nesta fonte
Colégio Objetivo,Escola,Colégio,Mogi das Cruzes,Cezar de Souza,"Avenida Francisco Rodrigues Filho, 3530, Cezar de Souza, Mogi das Cruzes, SP",,,,,,,,https://www.google.com/maps/search/?api=1&query=Col%C3%A9gio+Objetivo+Avenida+Francisco+Rodrigues+Filho%2C+3530%2C+Cezar+de+Souza%2C+Mogi+das+Cruzes%2C+SP,,,sem informação,39,Prioridade Baixa,sem site encontrado na fonte publica; redes sociais nao localizadas; nota/avaliacoes Google nao coletadas nesta fonte
Colégio SEPP,Escola,Colégio,Mogi das Cruzes,Centro Cívico,"Rua Newton Straube, Centro Cívico, Mogi das Cruzes, SP",,,,,,,,https://www.google.com/maps/search/?api=1&query=Col%C3%A9gio+SEPP+Rua+Newton+Straube%2C+Centro+C%C3%ADvico%2C+Mogi+das+Cruzes%2C+SP,,,sem informação,39,Prioridade Baixa,sem site encontrado na fonte publica; redes sociais nao localizadas; nota/avaliacoes Google nao coletadas nesta fonte
Colégio Alfabeto,Escola,Colégio,Mogi das Cruzes,Parque Santana,"Rua João Augusto de Moraes, Parque Santana, Mogi das Cruzes, SP",,,,,,,,https://www.google.com/maps/search/?api=1&query=Col%C3%A9gio+Alfabeto+Rua+Jo%C3%A3o+Augusto+de+Moraes%2C+Parque+Santana%2C+Mogi+das+Cruzes%2C+SP,,,sem informação,39,Prioridade Baixa,sem site encontrado na fonte publica; redes sociais nao localizadas; nota/avaliacoes Google nao coletadas nesta fonte
Colégio IENEC,Escola,Colégio,Mogi das Cruzes,Socorro,"Rua Doutor Euclides Ferreira da SIlva, 55, Socorro, Mogi das Cruzes, SP",,,,,,,,https://www.google.com/maps/search/?api=1&query=Col%C3%A9gio+IENEC+Rua+Doutor+Euclides+Ferreira+da+SIlva%2C+55%2C+Socorro%2C+Mogi+das+Cruzes%2C+SP,,,sem informação,39,Prioridade Baixa,sem site encontrado na fonte publica; redes sociais nao localizadas; nota/avaliacoes Google nao coletadas nesta fonte
Colégio Saber,Escola,Colégio,Mogi das Cruzes,Vila Oliveira,"Avenida Francisco Assis Monteiro de Castro, 707, Vila Oliveira, Mogi das Cruzes, SP",,,,,,,,https://www.google.com/maps/search/?api=1&query=Col%C3%A9gio+Saber+Avenida+Francisco+Assis+Monteiro+de+Castro%2C+707%2C+Vila+Oliveira%2C+Mogi+das+Cruzes%2C+SP,,,sem informação,39,Prioridade Baixa,sem site encontrado na fonte publica; redes sociais nao localizadas; nota/avaliacoes Google nao coletadas nesta fonte
Colégio Santa Mônica,Escola,Colégio,Mogi das Cruzes,Centro,"Rua São João, Centro, Mogi das Cruzes, SP",,,,,,,,https://www.google.com/maps/search/?api=1&query=Col%C3%A9gio+Santa+M%C3%B4nica+Rua+S%C3%A3o+Jo%C3%A3o%2C+Centro%2C+Mogi+das+Cruzes%2C+SP,,,sem informação,39,Prioridade Baixa,sem site encontrado na fonte publica; redes sociais nao localizadas; nota/avaliacoes Google nao coletadas nesta fonte
Clube Nautico Mogiano Faculdade,Escola,Faculdade / Ensino Superior,Mogi das Cruzes,Vila Industrial,"Rua Cabo Diogo Oliver, Vila Industrial, Mogi das Cruzes, SP",,,,,,,,https://www.google.com/maps/search/?api=1&query=Clube+Nautico+Mogiano+Faculdade+Rua+Cabo+Diogo+Oliver%2C+Vila+Industrial%2C+Mogi+das+Cruzes%2C+SP,,,sem informação,39,Prioridade Baixa,sem site encontrado na fonte publica; redes sociais nao localizadas; nota/avaliacoes Google nao coletadas nesta fonte
Rua do Colégio,Escola,Colégio,Guarulhos,Vila Rio,"Rua do Colégio, Vila Rio, Guarulhos, SP",,,,,,,,https://www.google.com/maps/search/?api=1&query=Rua+do+Col%C3%A9gio+Rua+do+Col%C3%A9gio%2C+Vila+Rio%2C+Guarulhos%2C+SP,,,sem informação,39,Prioridade Baixa,sem site encontrado na fonte publica; redes sociais nao localizadas; nota/avaliacoes Google nao coletadas nesta fonte
Colégio Parthenon - Unidade 1,Escola,Colégio,Guarulhos,Bom Clima,"Rua Consul Orestes Corrêa, 733, Bom Clima, Guarulhos, SP",,,,,,,,https://www.google.com/maps/search/?api=1&query=Col%C3%A9gio+Parthenon+-+Unidade+1+Rua+Consul+Orestes+Corr%C3%AAa%2C+733%2C+Bom+Clima%2C+Guarulhos%2C+SP,,,sem informação,39,Prioridade Baixa,sem site encontrado na fonte publica; redes sociais nao localizadas; nota/avaliacoes Google nao coletadas nesta fonte
Colégio Canadá,Escola,Colégio,Guarulhos,Gopoúva,"Rua Alfredo Cerquilho, Gopoúva, Guarulhos, SP",,,,,,,,https://www.google.com/maps/search/?api=1&query=Col%C3%A9gio+Canad%C3%A1+Rua+Alfredo+Cerquilho%2C+Gopo%C3%BAva%2C+Guarulhos%2C+SP,,,sem informação,39,Prioridade Baixa,sem site encontrado na fonte publica; redes sociais nao localizadas; nota/avaliacoes Google nao coletadas nesta fonte
Colégio Vila Fátima,Escola,Colégio,Guarulhos,Fátima,"Rua Hélio Arrelaro, Fátima, Guarulhos, SP",,,,,,,,https://www.google.com/maps/search/?api=1&query=Col%C3%A9gio+Vila+F%C3%A1tima+Rua+H%C3%A9lio+Arrelaro%2C+F%C3%A1tima%2C+Guarulhos%2C+SP,,,sem informação,39,Prioridade Baixa,sem site encontrado na fonte publica; redes sociais nao localizadas; nota/avaliacoes Google nao coletadas nesta fonte
Colégio Objetivo,Escola,Colégio,Guarulhos,Centro,"Avenida Tiradentes, 1425, Centro, Guarulhos, SP",,,,,,,,https://www.google.com/maps/search/?api=1&query=Col%C3%A9gio+Objetivo+Avenida+Tiradentes%2C+1425%2C+Centro%2C+Guarulhos%2C+SP,,,sem informação,39,Prioridade Baixa,sem site encontrado na fonte publica; redes sociais nao localizadas; nota/avaliacoes Google nao coletadas nesta fonte
Colégio Mondrian,Escola,Colégio,Guarulhos,Ponte Grande,"Avenida Santana, 662, Ponte Grande, Guarulhos, SP",,,,,,,,https://www.google.com/maps/search/?api=1&query=Col%C3%A9gio+Mondrian+Avenida+Santana%2C+662%2C+Ponte+Grande%2C+Guarulhos%2C+SP,,,sem informação,39,Prioridade Baixa,sem site encontrado na fonte publica; redes sociais nao localizadas; nota/avaliacoes Google nao coletadas nesta fonte
Quadra do Colégio Vila Fátima,Escola,Colégio,Guarulhos,Fátima,"Rua Maria de Fátima Kida, Fátima, Guarulhos, SP",,,,,,,,https://www.google.com/maps/search/?api=1&query=Quadra+do+Col%C3%A9gio+Vila+F%C3%A1tima+Rua+Maria+de+F%C3%A1tima+Kida%2C+F%C3%A1tima%2C+Guarulhos%2C+SP,,,sem informação,39,Prioridade Baixa,sem site encontrado na fonte publica; redes sociais nao localizadas; nota/avaliacoes Google nao coletadas nesta fonte
Colégio Saint Germain,Escola,Colégio,Guarulhos,Fátima,"Rua Nossa Senhora Aparecida, Fátima, Guarulhos, SP",,,,,,,,https://www.google.com/maps/search/?api=1&query=Col%C3%A9gio+Saint+Germain+Rua+Nossa+Senhora+Aparecida%2C+F%C3%A1tima%2C+Guarulhos%2C+SP,,,sem informação,39,Prioridade Baixa,sem site encontrado na fonte publica; redes sociais nao localizadas; nota/avaliacoes Google nao coletadas nesta fonte
Clínica Escola da Universidade Guarulhos,Saúde,Clínica,Guarulhos,Ponte Grande,"Avenida Anton Philips, Ponte Grande, Guarulhos, SP",,,,,,,,https://www.google.com/maps/search/?api=1&query=Cl%C3%ADnica+Escola+da+Universidade+Guarulhos+Avenida+Anton+Philips%2C+Ponte+Grande%2C+Guarulhos%2C+SP,,,sem informação,39,Prioridade Baixa,sem site encontrado na fonte publica; redes sociais nao localizadas; nota/avaliacoes Google nao coletadas nesta fonte
Faculdade Anhanguera,Escola,Faculdade / Ensino Superior,Guarulhos,Macedo,"Avenida Papa Pio XII, Macedo, Guarulhos, SP",,,,,,,,https://www.google.com/maps/search/?api=1&query=Faculdade+Anhanguera+Avenida+Papa+Pio+XII%2C+Macedo%2C+Guarulhos%2C+SP,,,sem informação,39,Prioridade Baixa,sem site encontrado na fonte publica; redes sociais nao localizadas; nota/avaliacoes Google nao coletadas nesta fonte
Colégio Sentido Obrigatório,Escola,Colégio,Itaquaquecetuba,Vila Zeferina,"Rua Itaqui, 85, Vila Zeferina, Itaquaquecetuba, SP",,,,,,,,https://www.google.com/maps/search/?api=1&query=Col%C3%A9gio+Sentido+Obrigat%C3%B3rio+Rua+Itaqui%2C+85%2C+Vila+Zeferina%2C+Itaquaquecetuba%2C+SP,,,sem informação,39,Prioridade Baixa,sem site encontrado na fonte publica; redes sociais nao localizadas; nota/avaliacoes Google nao coletadas nesta fonte
Colégio Dó Ré Mi,Escola,Colégio,Itaquaquecetuba,Parque Residencial Scaffid II,"Rodovia Alberto Hinoto, 6468, Parque Residencial Scaffid II, Itaquaquecetuba, SP",,,,,,,,https://www.google.com/maps/search/?api=1&query=Col%C3%A9gio+D%C3%B3+R%C3%A9+Mi+Rodovia+Alberto+Hinoto%2C+6468%2C+Parque+Residencial+Scaffid+II%2C+Itaquaquecetuba%2C+SP,,,sem informação,39,Prioridade Baixa,sem site encontrado na fonte publica; redes sociais nao localizadas; nota/avaliacoes Google nao coletadas nesta fonte
Colégio Sentido Obrigatório,Escola,Colégio,Itaquaquecetuba,Vila Zeferina,"Rua Bagé, Vila Zeferina, Itaquaquecetuba, SP",,,,,,,,https://www.google.com/maps/search/?api=1&query=Col%C3%A9gio+Sentido+Obrigat%C3%B3rio+Rua+Bag%C3%A9%2C+Vila+Zeferina%2C+Itaquaquecetuba%2C+SP,,,sem informação,39,Prioridade Baixa,sem site encontrado na fonte publica; redes sociais nao localizadas; nota/avaliacoes Google nao coletadas nesta fonte
Morro da Suindara,Escola,Colégio,Suzano,,"Suzano, SP",,,,,,,,https://www.google.com/maps/search/?api=1&query=Morro+da+Suindara+Suzano%2C+SP,,,sem informação,39,Prioridade Baixa,sem site encontrado na fonte publica; redes sociais nao localizadas; nota/avaliacoes Google nao coletadas nesta fonte
Faculdade e Seminário Teológico da Fé Rreformada,Escola,Faculdade / Ensino Superior,Arujá,Jardim Nippon Club,"Rua Gabriel Paschoal, Jardim Nippon Club, Arujá, SP",,,,,,,,https://www.google.com/maps/search/?api=1&query=Faculdade+e+Semin%C3%A1rio+Teol%C3%B3gico+da+F%C3%A9+Rreformada+Rua+Gabriel+Paschoal%2C+Jardim+Nippon+Club%2C+Aruj%C3%A1%2C+SP,,,sem informação,39,Prioridade Baixa,sem site encontrado na fonte publica; redes sociais nao localizadas; nota/avaliacoes Google nao coletadas nesta fonte
Parada UPA Cezar de Souza,Saúde,Pronto Atendimento / UPA,Mogi das Cruzes,Jardim Rodeio,"Avenida Pedro Romero, Jardim Rodeio, Mogi das Cruzes, SP",,,,,,,,https://www.google.com/maps/search/?api=1&query=Parada+UPA+Cezar+de+Souza+Avenida+Pedro+Romero%2C+Jardim+Rodeio%2C+Mogi+das+Cruzes%2C+SP,,,sem informação,35,Prioridade Baixa,sem site encontrado na fonte publica; redes sociais nao localizadas; nota/avaliacoes Google nao coletadas nesta fonte
UPA Paraíso,Saúde,Pronto Atendimento / UPA,Guarulhos,Taboão,"Avenida Silvestre Pires de Freitas, Taboão, Guarulhos, SP",,,,,,,,https://www.google.com/maps/search/?api=1&query=UPA+Para%C3%ADso+Avenida+Silvestre+Pires+de+Freitas%2C+Tabo%C3%A3o%2C+Guarulhos%2C+SP,,,sem informação,35,Prioridade Baixa,sem site encontrado na fonte publica; redes sociais nao localizadas; nota/avaliacoes Google nao coletadas nesta fonte
UPA Jardim Revista,Saúde,Pronto Atendimento / UPA,Suzano,Jardim Revista,"Rua Guarani, 200, Jardim Revista, Suzano, SP",,,,,,,,https://www.google.com/maps/search/?api=1&query=UPA+Jardim+Revista+Rua+Guarani%2C+200%2C+Jardim+Revista%2C+Suzano%2C+SP,,,sem informação,35,Prioridade Baixa,sem site encontrado na fonte publica; redes sociais nao localizadas; nota/avaliacoes Google nao coletadas nesta fonte
Unidade de Pronto Atendimento Reynaldo Gregório,Saúde,Pronto Atendimento / UPA,Arujá,Parque Rodrigo Barreto,"Rua Rogério de Andrade Santos, 200, Parque Rodrigo Barreto, Arujá, SP",,,,,,,,https://www.google.com/maps/search/?api=1&query=Unidade+de+Pronto+Atendimento+Reynaldo+Greg%C3%B3rio+Rua+Rog%C3%A9rio+de+Andrade+Santos%2C+200%2C+Parque+Rodrigo+Barreto%2C+Aruj%C3%A1%2C+SP,,,sem informação,35,Prioridade Baixa,sem site encontrado na fonte publica; redes sociais nao localizadas; nota/avaliacoes Google nao coletadas nesta fonte
Unidade Clinica Ambulatorial Doutor Arthur Domingos Fais,Saúde,Clínica,Mogi das Cruzes,Jundiapeba,"Rua Professora Lucinda Bastos, Jundiapeba, Mogi das Cruzes, SP",,,,,,,,https://www.google.com/maps/search/?api=1&query=Unidade+Clinica+Ambulatorial+Doutor+Arthur+Domingos+Fais+Rua+Professora+Lucinda+Bastos%2C+Jundiapeba%2C+Mogi+das+Cruzes%2C+SP,,,sem informação,35,Prioridade Baixa,sem site encontrado na fonte publica; redes sociais nao localizadas; nota/avaliacoes Google nao coletadas nesta fonte
Clinica Geral Odontológica,Saúde,Clínica,Mogi das Cruzes,Jardim Aeroporto,"Rua Fernando Namura, Jardim Aeroporto, Mogi das Cruzes, SP",,,,,,,,https://www.google.com/maps/search/?api=1&query=Clinica+Geral+Odontol%C3%B3gica+Rua+Fernando+Namura%2C+Jardim+Aeroporto%2C+Mogi+das+Cruzes%2C+SP,,,sem informação,35,Prioridade Baixa,sem site encontrado na fonte publica; redes sociais nao localizadas; nota/avaliacoes Google nao coletadas nesta fonte
Clinica Anhembi,Saúde,Clínica,Mogi das Cruzes,Centro,"Rua Santana, 49, Centro, Mogi das Cruzes, SP",,,,,,,,https://www.google.com/maps/search/?api=1&query=Clinica+Anhembi+Rua+Santana%2C+49%2C+Centro%2C+Mogi+das+Cruzes%2C+SP,,,sem informação,35,Prioridade Baixa,sem site encontrado na fonte publica; redes sociais nao localizadas; nota/avaliacoes Google nao coletadas nesta fonte
Prédio 7 - Clínica Odontológica,Saúde,Clínica,Mogi das Cruzes,Centro Cívico,"Avenida Vereador Narciso Yague Guimarães, Centro Cívico, Mogi das Cruzes, SP",,,,,,,,https://www.google.com/maps/search/?api=1&query=Pr%C3%A9dio+7+-+Cl%C3%ADnica+Odontol%C3%B3gica+Avenida+Vereador+Narciso+Yague+Guimar%C3%A3es%2C+Centro+C%C3%ADvico%2C+Mogi+das+Cruzes%2C+SP,,,sem informação,35,Prioridade Baixa,sem site encontrado na fonte publica; redes sociais nao localizadas; nota/avaliacoes Google nao coletadas nesta fonte
Clínica São Paulo,Saúde,Clínica,Mogi das Cruzes,Socorro,"Avenida São Paulo, 154, Socorro, Mogi das Cruzes, SP",,,,,,,,https://www.google.com/maps/search/?api=1&query=Cl%C3%ADnica+S%C3%A3o+Paulo+Avenida+S%C3%A3o+Paulo%2C+154%2C+Socorro%2C+Mogi+das+Cruzes%2C+SP,,,sem informação,35,Prioridade Baixa,sem site encontrado na fonte publica; redes sociais nao localizadas; nota/avaliacoes Google nao coletadas nesta fonte
Clínica Odontológica Rifai,Saúde,Clínica,Guarulhos,Centro,"Rua Capitão Gabriel, Centro, Guarulhos, SP",,,,,,,,https://www.google.com/maps/search/?api=1&query=Cl%C3%ADnica+Odontol%C3%B3gica+Rifai+Rua+Capit%C3%A3o+Gabriel%2C+Centro%2C+Guarulhos%2C+SP,,,sem informação,35,Prioridade Baixa,sem site encontrado na fonte publica; redes sociais nao localizadas; nota/avaliacoes Google nao coletadas nesta fonte
Clínica Saude VIsual,Saúde,Clínica,Guarulhos,Centro,"Rua João Gonçalves, 535, Centro, Guarulhos, SP",,,,,,,,https://www.google.com/maps/search/?api=1&query=Cl%C3%ADnica+Saude+VIsual+Rua+Jo%C3%A3o+Gon%C3%A7alves%2C+535%2C+Centro%2C+Guarulhos%2C+SP,,,sem informação,35,Prioridade Baixa,sem site encontrado na fonte publica; redes sociais nao localizadas; nota/avaliacoes Google nao coletadas nesta fonte
OPTOS Centro de reabilitação visual,Saúde,Clínica / Centro Médico,Guarulhos,Centro,"Rua João Gonçalves, 138A, Centro, Guarulhos, SP",,,,,,,,https://www.google.com/maps/search/?api=1&query=OPTOS+Centro+de+reabilita%C3%A7%C3%A3o+visual+Rua+Jo%C3%A3o+Gon%C3%A7alves%2C+138A%2C+Centro%2C+Guarulhos%2C+SP,,,sem informação,35,Prioridade Baixa,sem site encontrado na fonte publica; redes sociais nao localizadas; nota/avaliacoes Google nao coletadas nesta fonte
Travessa da Escola,Escola,Escola,Mogi das Cruzes,Parque das Varinhas,"Travessa da Escola, Parque das Varinhas, Mogi das Cruzes, SP",,,,,,,,https://www.google.com/maps/search/?api=1&query=Travessa+da+Escola+Travessa+da+Escola%2C+Parque+das+Varinhas%2C+Mogi+das+Cruzes%2C+SP,,,sem informação,31,Prioridade Baixa,sem site encontrado na fonte publica; redes sociais nao localizadas; nota/avaliacoes Google nao coletadas nesta fonte
Centro Educacional Unificado Vila Nova União,Escola,Centro Educacional,Mogi das Cruzes,Vila Oliveira,"Avenida Aurora Ariza Meloni, 1175, Vila Oliveira, Mogi das Cruzes, SP",,,,,,,,https://www.google.com/maps/search/?api=1&query=Centro+Educacional+Unificado+Vila+Nova+Uni%C3%A3o+Avenida+Aurora+Ariza+Meloni%2C+1175%2C+Vila+Oliveira%2C+Mogi+das+Cruzes%2C+SP,,,sem informação,31,Prioridade Baixa,sem site encontrado na fonte publica; redes sociais nao localizadas; nota/avaliacoes Google nao coletadas nesta fonte
Centro Educacional Infantil Municipal Professor Wilson Nogueira,Escola,Escola Infantil,Mogi das Cruzes,Porteira Preta,"Avenida Kaouru Hiranatsu, Porteira Preta, Mogi das Cruzes, SP",,,,,,,,https://www.google.com/maps/search/?api=1&query=Centro+Educacional+Infantil+Municipal+Professor+Wilson+Nogueira+Avenida+Kaouru+Hiranatsu%2C+Porteira+Preta%2C+Mogi+das+Cruzes%2C+SP,,,sem informação,31,Prioridade Baixa,sem site encontrado na fonte publica; redes sociais nao localizadas; nota/avaliacoes Google nao coletadas nesta fonte
Centro Educacional Infantil Municipal  Professora Maria Helena Chermann,Escola,Escola Infantil,Mogi das Cruzes,Porteira Preta,"Avenida Kaouru Hiranatsu, 2015, Porteira Preta, Mogi das Cruzes, SP",,,,,,,,https://www.google.com/maps/search/?api=1&query=Centro+Educacional+Infantil+Municipal++Professora+Maria+Helena+Chermann+Avenida+Kaouru+Hiranatsu%2C+2015%2C+Porteira+Preta%2C+Mogi+das+Cruzes%2C+SP,,,sem informação,31,Prioridade Baixa,sem site encontrado na fonte publica; redes sociais nao localizadas; nota/avaliacoes Google nao coletadas nesta fonte
Centro de Educação Infantil Municipal Professora Helena Brasil de Rezende,Escola,Escola Infantil,Mogi das Cruzes,Cezar de Souza,"Avenida Nilo Marcatto, Cezar de Souza, Mogi das Cruzes, SP",,,,,,,,https://www.google.com/maps/search/?api=1&query=Centro+de+Educa%C3%A7%C3%A3o+Infantil+Municipal+Professora+Helena+Brasil+de+Rezende+Avenida+Nilo+Marcatto%2C+Cezar+de+Souza%2C+Mogi+das+Cruzes%2C+SP,,,sem informação,31,Prioridade Baixa,sem site encontrado na fonte publica; redes sociais nao localizadas; nota/avaliacoes Google nao coletadas nesta fonte
Criança Cidadã Circo Escola Cidade Seródio,Escola,Escola,Guarulhos,São João,"7, São João, Guarulhos, SP",,,,,,,,https://www.google.com/maps/search/?api=1&query=Crian%C3%A7a+Cidad%C3%A3+Circo+Escola+Cidade+Ser%C3%B3dio+7%2C+S%C3%A3o+Jo%C3%A3o%2C+Guarulhos%2C+SP,,,sem informação,31,Prioridade Baixa,sem site encontrado na fonte publica; redes sociais nao localizadas; nota/avaliacoes Google nao coletadas nesta fonte
Escola Estadual Juvenal Ramos Barbosa,Escola,Escola,Guarulhos,Picanço,"Rua Marcos Antônio Liota, 114, Picanço, Guarulhos, SP",,,,,,,,https://www.google.com/maps/search/?api=1&query=Escola+Estadual+Juvenal+Ramos+Barbosa+Rua+Marcos+Ant%C3%B4nio+Liota%2C+114%2C+Pican%C3%A7o%2C+Guarulhos%2C+SP,,,sem informação,31,Prioridade Baixa,sem site encontrado na fonte publica; redes sociais nao localizadas; nota/avaliacoes Google nao coletadas nesta fonte
Escola da Prefeitura de Guarulhos Padre Manoel de Paiva,Escola,Escola,Guarulhos,Vila Galvão,"Rua Niquelândia, 327, Vila Galvão, Guarulhos, SP",,,,,,,,https://www.google.com/maps/search/?api=1&query=Escola+da+Prefeitura+de+Guarulhos+Padre+Manoel+de+Paiva+Rua+Niquel%C3%A2ndia%2C+327%2C+Vila+Galv%C3%A3o%2C+Guarulhos%2C+SP,,,sem informação,31,Prioridade Baixa,sem site encontrado na fonte publica; redes sociais nao localizadas; operador: government; nota/avaliacoes Google nao coletadas nesta fonte
Centro Educacional Unificado Paraíso Alvorada,Escola,Centro Educacional,Guarulhos,Pimentas,"80, Pimentas, Guarulhos, SP",,,,,,,,https://www.google.com/maps/search/?api=1&query=Centro+Educacional+Unificado+Para%C3%ADso+Alvorada+80%2C+Pimentas%2C+Guarulhos%2C+SP,,,sem informação,31,Prioridade Baixa,sem site encontrado na fonte publica; redes sociais nao localizadas; nota/avaliacoes Google nao coletadas nesta fonte
Centro Educacional Unificado Bonsucesso,Escola,Centro Educacional,Guarulhos,Bonsucesso,"Avenida Paschoal Thomeu, Bonsucesso, Guarulhos, SP",,,,,,,,https://www.google.com/maps/search/?api=1&query=Centro+Educacional+Unificado+Bonsucesso+Avenida+Paschoal+Thomeu%2C+Bonsucesso%2C+Guarulhos%2C+SP,,,sem informação,31,Prioridade Baixa,sem site encontrado na fonte publica; redes sociais nao localizadas; operador: government; nota/avaliacoes Google nao coletadas nesta fonte
Centro Educacional Unificado Jardim Cumbica,Escola,Centro Educacional,Guarulhos,Jardim Cumbica,"Avenida Ataláia do Norte, Jardim Cumbica, Guarulhos, SP",,,,,,,,https://www.google.com/maps/search/?api=1&query=Centro+Educacional+Unificado+Jardim+Cumbica+Avenida+Atal%C3%A1ia+do+Norte%2C+Jardim+Cumbica%2C+Guarulhos%2C+SP,,,sem informação,31,Prioridade Baixa,sem site encontrado na fonte publica; redes sociais nao localizadas; operador: government; nota/avaliacoes Google nao coletadas nesta fonte
Centro Educacional Unificado Walter Efigênio,Escola,Centro Educacional,Guarulhos,Pimentas,"Rua Joaquim Moreira, Pimentas, Guarulhos, SP",,,,,,,,https://www.google.com/maps/search/?api=1&query=Centro+Educacional+Unificado+Walter+Efig%C3%AAnio+Rua+Joaquim+Moreira%2C+Pimentas%2C+Guarulhos%2C+SP,,,sem informação,31,Prioridade Baixa,sem site encontrado na fonte publica; redes sociais nao localizadas; nota/avaliacoes Google nao coletadas nesta fonte
Praça da Escola e Banca Central,Escola,Escola,Itaquaquecetuba,Parque Piratininga,"Parque Piratininga, Itaquaquecetuba, SP",,,,,,,,https://www.google.com/maps/search/?api=1&query=Pra%C3%A7a+da+Escola+e+Banca+Central+Parque+Piratininga%2C+Itaquaquecetuba%2C+SP,,,sem informação,31,Prioridade Baixa,sem site encontrado na fonte publica; redes sociais nao localizadas; nota/avaliacoes Google nao coletadas nesta fonte
Escola Estadual Vereador Antônio Valdemar Galo,Escola,Escola,Suzano,Vila Amorim,"Rua Tupinambá, Vila Amorim, Suzano, SP",,,,,,,,https://www.google.com/maps/search/?api=1&query=Escola+Estadual+Vereador+Ant%C3%B4nio+Valdemar+Galo+Rua+Tupinamb%C3%A1%2C+Vila+Amorim%2C+Suzano%2C+SP,,,sem informação,31,Prioridade Baixa,sem site encontrado na fonte publica; redes sociais nao localizadas; nota/avaliacoes Google nao coletadas nesta fonte
Instituto Federal de Educação Ciência e Tecnologia de São Paulo - IFSP Campus Suzano,Escola,Escola,Mogi das Cruzes,Parque Suzano,"Avenida Mogi das Cruzes, 1501, Parque Suzano, Mogi das Cruzes, SP",,,,,,,,https://www.google.com/maps/search/?api=1&query=Instituto+Federal+de+Educa%C3%A7%C3%A3o+Ci%C3%AAncia+e+Tecnologia+de+S%C3%A3o+Paulo+-+IFSP+Campus+Suzano+Avenida+Mogi+das+Cruzes%2C+1501%2C+Parque+Suzano%2C+Mogi+das+Cruzes%2C+SP,,,sem informação,31,Prioridade Baixa,sem site encontrado na fonte publica; redes sociais nao localizadas; operador: public; nota/avaliacoes Google nao coletadas nesta fonte
